id,title,description,availability,condition,price,link,image_link,brand,additional_image_link,google_product_category
1H2084361C,"Skarpetki z zimowym motywem VW T1/Beetle, 2 pary - 41-46","Skarpetki z zimowym motywemVW T1/Beetle w kolorze czerwonym i granatowym. Zestaw składa się z dwóch par skarpet. Można prać w pralce w 30°C.|Materiał: 86% bawełna, 12% poliamid, 2% elastan|Skarpetki są dostępne w rozmiarach: 36-40 oraz 41-46 (wybór rozmiaru możliwy pod rozwijaną listą z wyborem dealera).|Edycja limitowana – do wyczerpania zapasu.",in stock,New,49.00 PLN,"https://vwdostawcze-sklep.pl/katalog/1/skarpetki-z-zimowym-motywem-vw-t147beetle44-2-pary,208521.html?a=1",https://vwdostawcze-sklep.pl/web/uploaded_images/gallery/1637153019_0e17762e67ba5851e067ba162967337d.jpeg,VW,,
1H2084361B,"Skarpetki z zimowym motywem VW T1/Beetle, 2 pary - 36-40","Skarpetki z zimowym motywemVW T1/Beetle w kolorze czerwonym i granatowym. Zestaw składa się z dwóch par skarpet. Można prać w pralce w 30°C.|Materiał: 86% bawełna, 12% poliamid, 2% elastan|Skarpetki są dostępne w rozmiarach: 36-40 oraz 41-46 (wybór rozmiaru możliwy pod rozwijaną listą z wyborem dealera).|Edycja limitowana – do wyczerpania zapasu.",in stock,New,49.00 PLN,"https://vwdostawcze-sklep.pl/katalog/1/skarpetki-z-zimowym-motywem-vw-t147beetle44-2-pary,208520.html?a=1",https://vwdostawcze-sklep.pl/web/uploaded_images/gallery/1637153032_ff3b9642fb9b1af98470d316659459e0.jpeg,VW,,
7E9084132EWN3,"Bluza męska VW T1, dł. rękaw - 2XL","Męska bluza z długim rękawem w kolorzeoliwkowym,z kolekcjiHeritage. Zapięcie na trzy guziki imitujące klakson. Na brzegu bluzy ozdobna metka pętelkowa, przy karku kolorowa tasiemka.Zprzodu duży nadruk z motywem T1. Wykonana z bawełny organicznej,zapewnia przyjemny komfort noszenia.|Bluza dostępna w rozmiarach: S – 2XL|Uwaga:|prać w30°C|prać i prasować na lewej stronie (nie prasować ponadruku)|nie suszyć w suszarce bębnowej|nie prać chemicznie|nie wybielać",in stock,New,169.00 PLN,"https://vwdostawcze-sklep.pl/katalog/1/bluza-meska-vw-t144-dl46-rekaw,208474.html?a=1",https://vwdostawcze-sklep.pl/web/uploaded_images/gallery/1624965360_89951151b8e51b5701fd38e4628d4d7e.jpeg,VW,,
7E9084132DWN3,"Bluza męska VW T1, dł. rękaw - XL","Męska bluza z długim rękawem w kolorze oliwkowym,z kolekcjiHeritage. Zapięcie na trzy guziki imitujące klakson. Na brzegu bluzy ozdobna metka pętelkowa, przy karku kolorowa tasiemka.Zprzodu duży nadruk z motywem T1. Wykonana z bawełny organicznej,zapewnia przyjemny komfort noszenia.|Bluza dostępna w rozmiarach: S – 2XL|Uwaga:|prać w30°C|prać i prasować na lewej stronie (nie prasować ponadruku)|nie suszyć w suszarce bębnowej|nie prać chemicznie|nie wybielać",in stock,New,169.00 PLN,"https://vwdostawcze-sklep.pl/katalog/1/bluza-meska-vw-t144-dl46-rekaw,208473.html?a=1",https://vwdostawcze-sklep.pl/web/uploaded_images/gallery/1624965305_b35ab321210c6f191ca3d0e0e4be7ea0.jpeg,VW,,
7E9084132CWN3,"Bluza męska VW T1, dł. rękaw - L","Męska bluza z długim rękawem w kolorze oliwkowym,z kolekcjiHeritage. Zapięcie na trzy guziki imitujące klakson. Na brzegu bluzy ozdobna metka pętelkowa, przy karku kolorowa tasiemka.Zprzodu duży nadruk z motywem T1. Wykonana z bawełny organicznej,zapewnia przyjemny komfort noszenia.|Bluza dostępna w rozmiarach: S – 2XL|Uwaga:|prać w30°C|prać i prasować na lewej stronie (nie prasować ponadruku)|nie suszyć w suszarce bębnowej|nie prać chemicznie|nie wybielać",in stock,New,169.00 PLN,"https://vwdostawcze-sklep.pl/katalog/1/bluza-meska-vw-t144-dl46-rekaw,208472.html?a=1",https://vwdostawcze-sklep.pl/web/uploaded_images/gallery/1624965337_18161c45e31ef04a07f6dd19df9040ac.jpeg,VW,,
7E9084132BWN3,"Bluza męska VW T1, dł. rękaw - M","Męska bluza z długim rękawem w kolorze oliwkowym,z kolekcjiHeritage. Zapięcie na trzy guziki imitujące klakson. Na brzegu bluzy ozdobna metka pętelkowa, przy karku kolorowa tasiemka.Zprzodu duży nadruk z motywem T1. Wykonana z bawełny organicznej,zapewnia przyjemny komfort noszenia.|Bluza dostępna w rozmiarach: S – 2XL|Uwaga:|prać w30°C|prać i prasować na lewej stronie (nie prasować ponadruku)|nie suszyć w suszarce bębnowej|nie prać chemicznie|nie wybielać",in stock,New,169.00 PLN,"https://vwdostawcze-sklep.pl/katalog/1/bluza-meska-vw-t144-dl46-rekaw,208471.html?a=1",https://vwdostawcze-sklep.pl/web/uploaded_images/gallery/1624965290_c5b656f74dd4896d23cd8bf2a8f705b2.jpeg,VW,,
7E9084132AWN3,"Bluza męska VW T1, dł. rękaw - S","Męska bluza z długim rękawem w kolorzeoliwkowym,z kolekcjiHeritage. Zapięcie na trzy guziki imitujące klakson. Na brzegu bluzy ozdobna metka pętelkowa, przy karku kolorowa tasiemka.Zprzodu duży nadruk z motywem T1. Wykonana z bawełny organicznej,zapewnia przyjemny komfort noszenia.|Bluza dostępna w rozmiarach: S – 2XL|Uwaga:|prać w30°C|prać i prasować na lewej stronie (nie prasować ponadruku)|nie suszyć w suszarce bębnowej|nie prać chemicznie|nie wybielać",in stock,New,169.00 PLN,"https://vwdostawcze-sklep.pl/katalog/1/bluza-meska-vw-t144-dl46-rekaw,208470.html?a=1",https://vwdostawcze-sklep.pl/web/uploaded_images/gallery/1624957219_3fd94e910479dc9c86f41816602c3063.jpeg,VW,,
7E9084050ED5E,Kurtka męska VW T1 softshell - 2XL,"Męska kurtkaprzeciwdeszczowa z kapturemw kolorze granatowym, z kolekcjiHeritage. Szerokość kaptura regulowana przy pomocy gumki i sznurków. Kieszenie zapinane na zamek błyskawiczny.Mankiety z gumką i podszewka z siateczki w kontrastowym kolorze. Na kieszeni przy lewej piersi nadruk“Time to get out”.Z tyłu duży nadrukowany motyw T1 oraz pętelka do zawieszania kurtki.|Do produktu dołączona jest mała torba materiałowa ułatwiająca przechowywanie i transport kurtki.|Kurtka dostępna w rozmiarach: S – 2XL|Uwaga:|prać w30°C|prać i prasować na lewej stronie (nie prasować po nadruku)|nie suszyć w suszarce bębnowej|nie prać chemicznie|nie wybielać|nie używaćzmiękczacza do tkanin",in stock,New,319.00 PLN,"https://vwdostawcze-sklep.pl/katalog/1/kurtka-meska-vw-t1-softshell,208479.html?a=1",https://vwdostawcze-sklep.pl/web/uploaded_images/gallery/1624965238_6498619aab47faabfac9a4d765d5df72.jpeg,VW,"https://vwdostawcze-sklep.pl/web/uploaded_images/gallery/1624965238_74b60af4f691a8b6d9deab2e8cfacb7a.jpeg,https://vwdostawcze-sklep.pl/web/uploaded_images/gallery/1624965238_1780184b97bd8a3a4d4ed50c7937a665.jpeg,https://vwdostawcze-sklep.pl/web/uploaded_images/gallery/1624965239_1cbcc736c9eacb317a83edfc9701378f.jpeg",
7E9084050DD5E,Kurtka męska VW T1 softshell - XL,"Męska kurtkaprzeciwdeszczowa z kapturemw kolorze granatowym, z kolekcjiHeritage. Szerokość kaptura regulowana przy pomocy gumki i sznurków. Kieszenie zapinane na zamek błyskawiczny.Mankiety z gumką i podszewka z siateczki w kontrastowym kolorze. Na kieszeni przy lewej piersi nadruk“Time to get out”.Z tyłu duży nadrukowany motyw T1 oraz pętelka do zawieszania kurtki.|Do produktu dołączona jest mała torba materiałowa ułatwiająca przechowywanie i transport kurtki.|Kurtka dostępna w rozmiarach: S – 2XL|Uwaga:|prać w30°C|prać i prasować na lewej stronie (nie prasować po nadruku)|nie suszyć w suszarce bębnowej|nie prać chemicznie|nie wybielać|nie używaćzmiękczacza do tkanin",in stock,New,319.00 PLN,"https://vwdostawcze-sklep.pl/katalog/1/kurtka-meska-vw-t1-softshell,208478.html?a=1",https://vwdostawcze-sklep.pl/web/uploaded_images/gallery/1624965211_a6a1720cd3daf1b77fba00c09faafd5a.jpeg,VW,"https://vwdostawcze-sklep.pl/web/uploaded_images/gallery/1624965211_0665bc55eb1a28278300d7b7649a160d.jpeg,https://vwdostawcze-sklep.pl/web/uploaded_images/gallery/1624965211_de6a61133bb705079fd3b12f24bf9432.jpeg,https://vwdostawcze-sklep.pl/web/uploaded_images/gallery/1624965211_4427bce56c3723796691c8d9c6a637fe.jpeg",
7E9084050CD5E,Kurtka męska VW T1 softshell - L,"Męska kurtkaprzeciwdeszczowa z kapturemw kolorze granatowym, z kolekcjiHeritage. Szerokość kaptura regulowana przy pomocy gumki i sznurków. Kieszenie zapinane na zamek błyskawiczny.Mankiety z gumką i podszewka z siateczki w kontrastowym kolorze. Na kieszeni przy lewej piersi nadruk“Time to get out”.Z tyłu duży nadrukowany motyw T1 oraz pętelka do zawieszania kurtki.|Do produktu dołączona jest mała torba materiałowa ułatwiająca przechowywanie i transport kurtki.|Kurtka dostępna w rozmiarach: S – 2XL|Uwaga:|prać w30°C|prać i prasować na lewej stronie (nie prasować po nadruku)|nie suszyć w suszarce bębnowej|nie prać chemicznie|nie wybielać|nie używaćzmiękczacza do tkanin",in stock,New,319.00 PLN,"https://vwdostawcze-sklep.pl/katalog/1/kurtka-meska-vw-t1-softshell,208477.html?a=1",https://vwdostawcze-sklep.pl/web/uploaded_images/gallery/1624965188_4da79f42e4f41e904a8adc660437b557.jpeg,VW,"https://vwdostawcze-sklep.pl/web/uploaded_images/gallery/1624965188_52d9e218efceb1e57f4d67a0b65f77bc.jpeg,https://vwdostawcze-sklep.pl/web/uploaded_images/gallery/1624965188_50bf37f4b296a6be1f298051ec00e498.jpeg,https://vwdostawcze-sklep.pl/web/uploaded_images/gallery/1624965189_9762707c4fe84f1c7ea04037252e15c3.jpeg",
7E9084050BD5E,Kurtka męska VW T1 softshell - M,"Męska kurtkaprzeciwdeszczowa z kapturemw kolorze granatowym, z kolekcjiHeritage. Szerokość kaptura regulowana przy pomocy gumki i sznurków. Kieszenie zapinane na zamek błyskawiczny.Mankiety z gumką i podszewka z siateczki w kontrastowym kolorze. Na kieszeni przy lewej piersi nadruk“Time to get out”.Z tyłu duży nadrukowany motyw T1 oraz pętelka do zawieszania kurtki.|Do produktu dołączona jest mała torba materiałowa ułatwiająca przechowywanie i transport kurtki.|Kurtka dostępna w rozmiarach: S – 2XL|Uwaga:|prać w30°C|prać i prasować na lewej stronie (nie prasować po nadruku)|nie suszyć w suszarce bębnowej|nie prać chemicznie|nie wybielać|nie używaćzmiękczacza do tkanin",in stock,New,319.00 PLN,"https://vwdostawcze-sklep.pl/katalog/1/kurtka-meska-vw-t1-softshell,208476.html?a=1",https://vwdostawcze-sklep.pl/web/uploaded_images/gallery/1624965163_9862ea7bf099702436a7b54371b9e572.jpeg,VW,"https://vwdostawcze-sklep.pl/web/uploaded_images/gallery/1624965163_0d533100786259e580ef60bb3933d589.jpeg,https://vwdostawcze-sklep.pl/web/uploaded_images/gallery/1624965163_286b65a8cbe64bbd47f54ac2f6d51baa.jpeg,https://vwdostawcze-sklep.pl/web/uploaded_images/gallery/1624965163_1576d6749a13ce6d752a6cc4c03526de.jpeg",
7E9084050AD5E,Kurtka męska VW T1 softshell - S,"Męska kurtkaprzeciwdeszczowa z kapturemw kolorze granatowym, z kolekcjiHeritage. Szerokość kaptura regulowana przy pomocy gumki i sznurków. Kieszenie zapinane na zamek błyskawiczny.Mankiety z gumką i podszewka z siateczki w kontrastowym kolorze. Na kieszeni przy lewej piersi nadruk“Time to get out”.Z tyłu duży nadrukowany motyw T1 oraz pętelka do zawieszania kurtki.|Do produktu dołączona jest mała torba materiałowa ułatwiająca przechowywanie i transport kurtki.|Kurtka dostępna w rozmiarach: S – 2XL|Uwaga:|prać w30°C|prać i prasować na lewej stronie (nie prasować po nadruku)|nie suszyć w suszarce bębnowej|nie prać chemicznie|nie wybielać|nie używaćzmiękczacza do tkanin",in stock,New,319.00 PLN,"https://vwdostawcze-sklep.pl/katalog/1/kurtka-meska-vw-t1-softshell,208475.html?a=1",https://vwdostawcze-sklep.pl/web/uploaded_images/gallery/1624957878_ce67168002c4f259f42826e5e57f7e9c.jpeg,VW,"https://vwdostawcze-sklep.pl/web/uploaded_images/gallery/1624957882_fef07dc9eaa7a1a0c4996e0d1611350c.jpeg,https://vwdostawcze-sklep.pl/web/uploaded_images/gallery/1624958600_a7d967128f39d77d76985ca14e515f8b.jpeg,https://vwdostawcze-sklep.pl/web/uploaded_images/gallery/1624958606_1eabf8d350747c2f7a6fd6347f0223d8.jpeg",
7E9084200ED5E,"T-shirt męski VW T2, niebieski - 2XL","Męski t-shirt z krótkim rękawemw kolorze niebieskim, z kolekcjiHeritage. Z przodu duży nadruk motywu T2 przed ogniskiem. Na karku kolorowa tasiemka, z brzegu prawego rękawa ozdobna metka pętelkowa. Wykonany w100% z bawełny organicznej.|T-shirt dostępnyw rozmiarach: S – 2XL|Uwaga:|prać w 30°C|prać i prasować na lewej stronie (nie prasować po nadruku)|nie suszyć w suszarce bębnowej|nie prać chemicznie|nie wybielać",in stock,New,129.00 PLN,"https://vwdostawcze-sklep.pl/katalog/1/t-shirt-meski-vw-t244-niebieski,208484.html?a=1",https://vwdostawcze-sklep.pl/web/uploaded_images/gallery/1624965104_fae1d5b75540593312c4575d053c8f62.jpeg,VW,,
7E9084200DD5E,"T-shirt męski VW T2, niebieski - XL","Męski t-shirt z krótkim rękawemw kolorze niebieskim, z kolekcjiHeritage. Z przodu duży nadruk motywu T2 przed ogniskiem. Na karku kolorowa tasiemka, z brzegu prawego rękawa ozdobna metka pętelkowa. Wykonany w100% z bawełny organicznej.|T-shirt dostępnyw rozmiarach: S – 2XL|Uwaga:|prać w 30°C|prać i prasować na lewej stronie (nie prasować po nadruku)|nie suszyć w suszarce bębnowej|nie prać chemicznie|nie wybielać",in stock,New,129.00 PLN,"https://vwdostawcze-sklep.pl/katalog/1/t-shirt-meski-vw-t244-niebieski,208483.html?a=1",https://vwdostawcze-sklep.pl/web/uploaded_images/gallery/1624965090_1299d36e334c20a692b4bf1c31ff03f7.jpeg,VW,,
7E9084200CD5E,"T-shirt męski VW T2, niebieski - L","Męski t-shirt z krótkim rękawemw kolorze niebieskim, z kolekcjiHeritage. Z przodu duży nadruk motywu T2 przed ogniskiem. Na karku kolorowa tasiemka, z brzegu prawego rękawa ozdobna metka pętelkowa. Wykonany w100% z bawełny organicznej.|T-shirt dostępnyw rozmiarach: S – 2XL|Uwaga:|prać w 30°C|prać i prasować na lewej stronie (nie prasować po nadruku)|nie suszyć w suszarce bębnowej|nie prać chemicznie|nie wybielać",in stock,New,129.00 PLN,"https://vwdostawcze-sklep.pl/katalog/1/t-shirt-meski-vw-t244-niebieski,208482.html?a=1",https://vwdostawcze-sklep.pl/web/uploaded_images/gallery/1624965077_7307e498baad60dca220e487f13c40e6.jpeg,VW,,
7E9084200BD5E,"T-shirt męski VW T2, niebieski - M","Męski t-shirt z krótkim rękawemw kolorze niebieskim, z kolekcjiHeritage. Z przodu duży nadruk motywu T2 przed ogniskiem. Na karku kolorowa tasiemka, z brzegu prawego rękawa ozdobna metka pętelkowa. Wykonany w100% z bawełny organicznej.|T-shirt dostępnyw rozmiarach: S – 2XL|Uwaga:|prać w 30°C|prać i prasować na lewej stronie (nie prasować po nadruku)|nie suszyć w suszarce bębnowej|nie prać chemicznie|nie wybielać",in stock,New,129.00 PLN,"https://vwdostawcze-sklep.pl/katalog/1/t-shirt-meski-vw-t244-niebieski,208481.html?a=1",https://vwdostawcze-sklep.pl/web/uploaded_images/gallery/1624965055_2a37f2a8cb602282fe34efed4f1d0878.jpeg,VW,,
7E9084200AD5E,"T-shirt męski VW T2, niebieski - S","Męski t-shirt z krótkim rękawemw kolorze niebieskim, z kolekcjiHeritage. Z przodu duży nadruk motywu T2 przed ogniskiem. Na karku kolorowa tasiemka, z brzegu prawego rękawa ozdobna metka pętelkowa. Wykonany w100% z bawełny organicznej.|T-shirt dostępnyw rozmiarach: S – 2XL|Uwaga:|prać w 30°C|prać i prasować na lewej stronie (nie prasować po nadruku)|nie suszyć w suszarce bębnowej|nie prać chemicznie|nie wybielać",in stock,New,129.00 PLN,"https://vwdostawcze-sklep.pl/katalog/1/t-shirt-meski-vw-t244-niebieski,208480.html?a=1",https://vwdostawcze-sklep.pl/web/uploaded_images/gallery/1624958864_2efe34a5cc1ce04aef7ed1a85b80ffab.jpeg,VW,,
7E9084200EWN3,"T-shirt męski VW T1, oliwkowy - 2XL","Męski t-shirt z krótkim rękawem w kolorze oliwkowym, z kolekcjiHeritage. Z przodu duży nadruk motywu T1. Na karku kolorowa tasiemka, z brzegu prawego rękawa ozdobna metka pętelkowa. Wykonany w100% z bawełny organicznej.|T-shirt dostępnyw rozmiarach: S – 2XL|Uwaga:|prać w 30°C|prać i prasować na lewej stronie (nie prasować po nadruku)|nie suszyć w suszarce bębnowej|nie prać chemicznie|nie wybielać",in stock,New,129.00 PLN,"https://vwdostawcze-sklep.pl/katalog/1/t-shirt-meski-vw-t144-oliwkowy,208489.html?a=1",https://vwdostawcze-sklep.pl/web/uploaded_images/gallery/1624965017_70ad1525f5362836ab228e0531cfee7b.jpeg,VW,,
7E9084200DWN3,"T-shirt męski VW T1, oliwkowy - XL","Męski t-shirt z krótkim rękawem w kolorze oliwkowym, z kolekcjiHeritage. Z przodu duży nadruk motywu T1. Na karku kolorowa tasiemka, z brzegu prawego rękawa ozdobna metka pętelkowa. Wykonany w100% z bawełny organicznej.|T-shirt dostępnyw rozmiarach: S – 2XL|Uwaga:|prać w 30°C|prać i prasować na lewej stronie (nie prasować po nadruku)|nie suszyć w suszarce bębnowej|nie prać chemicznie|nie wybielać",in stock,New,129.00 PLN,"https://vwdostawcze-sklep.pl/katalog/1/t-shirt-meski-vw-t144-oliwkowy,208488.html?a=1",https://vwdostawcze-sklep.pl/web/uploaded_images/gallery/1624964998_80c3340ee59a8f061710ad3bdc0d9b8f.jpeg,VW,,
7E9084200CWN3,"T-shirt męski VW T1, oliwkowy - L","Męski t-shirt z krótkim rękawem w kolorze oliwkowym, z kolekcjiHeritage. Z przodu duży nadruk motywu T1. Na karku kolorowa tasiemka, z brzegu prawego rękawa ozdobna metka pętelkowa. Wykonany w100% z bawełny organicznej.|T-shirt dostępnyw rozmiarach: S – 2XL|Uwaga:|prać w 30°C|prać i prasować na lewej stronie (nie prasować po nadruku)|nie suszyć w suszarce bębnowej|nie prać chemicznie|nie wybielać",in stock,New,129.00 PLN,"https://vwdostawcze-sklep.pl/katalog/1/t-shirt-meski-vw-t144-oliwkowy,208487.html?a=1",https://vwdostawcze-sklep.pl/web/uploaded_images/gallery/1624964982_1fae09e4b50f88a385b365159eb7e0c5.jpeg,VW,,
7E9084200BWN3,"T-shirt męski VW T1, oliwkowy - M","Męski t-shirt z krótkim rękawem w kolorze oliwkowym, z kolekcjiHeritage. Z przodu duży nadruk motywu T1. Na karku kolorowa tasiemka, z brzegu prawego rękawa ozdobna metka pętelkowa. Wykonany w100% z bawełny organicznej.|T-shirt dostępnyw rozmiarach: S – 2XL|Uwaga:|prać w 30°C|prać i prasować na lewej stronie (nie prasować po nadruku)|nie suszyć w suszarce bębnowej|nie prać chemicznie|nie wybielać",in stock,New,129.00 PLN,"https://vwdostawcze-sklep.pl/katalog/1/t-shirt-meski-vw-t144-oliwkowy,208486.html?a=1",https://vwdostawcze-sklep.pl/web/uploaded_images/gallery/1624964965_055b8a722fd9584fe0f566b632e90092.jpeg,VW,,
7E9084200AWN3,"T-shirt męski VW T1, oliwkowy - S","Męski t-shirt z krótkim rękawem w kolorze oliwkowym, z kolekcjiHeritage. Z przodu duży nadruk motywu T1. Na karku kolorowa tasiemka, z brzegu prawego rękawa ozdobna metka pętelkowa. Wykonany w100% z bawełny organicznej.|T-shirt dostępnyw rozmiarach: S – 2XL|Uwaga:|prać w 30°C|prać i prasować na lewej stronie (nie prasować po nadruku)|nie suszyć w suszarce bębnowej|nie prać chemicznie|nie wybielać",in stock,New,129.00 PLN,"https://vwdostawcze-sklep.pl/katalog/1/t-shirt-meski-vw-t144-oliwkowy,208485.html?a=1",https://vwdostawcze-sklep.pl/web/uploaded_images/gallery/1624959589_1e3c886cd5957abfffa322904725570c.jpeg,VW,,
7E9084152D645,Bluzka dla dzieci VW T1 - 152/158,"Bordowa bluzka dziecięca Henley z kolekcjiHeritage, zdługim rękawem i plisą na guziki. Zapinana na 3 guziki, z dużym nadrukiem T1 w kolorze ciemnoczerwonym z przodu i nadrukiemVolkswagena na karku. Bluzka wykonana z przyjemnej w dotyku bawełny organicznej.|Uwaga:|prać w 30°C|nie chlorować|nie suszyć w suszarce bębnowej|prać i prasować na lewej stronie, z podobnymi kolorami|nie prać chemicznie|nie wybielać",in stock,New,119.00 PLN,"https://vwdostawcze-sklep.pl/katalog/1/bluzka-dla-dzieci-vw-t1,208469.html?a=1",https://vwdostawcze-sklep.pl/web/uploaded_images/gallery/1624975861_8104b1ccaf5eefccf0315305948b6c77.jpeg,VW,https://vwdostawcze-sklep.pl/web/uploaded_images/gallery/1624975861_2cc4689c45311f2e708303e8c07fd89f.jpeg,
7E9084152C645,Bluzka dla dzieci VW T1 - 140/146,"Bordowa bluzka dziecięca Henley z kolekcjiHeritage, zdługim rękawem i plisą na guziki. Zapinana na 3 guziki, z dużym nadrukiem T1 w kolorze ciemnoczerwonym z przodu i nadrukiemVolkswagena na karku. Bluzka wykonana z przyjemnej w dotyku bawełny organicznej.|Uwaga:|prać w 30°C|nie chlorować|nie suszyć w suszarce bębnowej|prać i prasować na lewej stronie, z podobnymi kolorami|nie prać chemicznie|nie wybielać",in stock,New,119.00 PLN,"https://vwdostawcze-sklep.pl/katalog/1/bluzka-dla-dzieci-vw-t1,208468.html?a=1",https://vwdostawcze-sklep.pl/web/uploaded_images/gallery/1624975836_23adad1e3bbfd0fde1f93bd383f4cf95.jpeg,VW,https://vwdostawcze-sklep.pl/web/uploaded_images/gallery/1624975836_e9cdc76f8810f8deb6c110e424463b10.jpeg,
7E9084152B645,Bluzka dla dzieci VW T1 - 128/134,"Bordowa bluzka dziecięca Henley z kolekcjiHeritage, zdługim rękawem i plisą na guziki. Zapinana na 3 guziki, z dużym nadrukiem T1 w kolorze ciemnoczerwonym z przodu i nadrukiemVolkswagena na karku. Bluzka wykonana z przyjemnej w dotyku bawełny organicznej.|Uwaga:|prać w 30°C|nie chlorować|nie suszyć w suszarce bębnowej|prać i prasować na lewej stronie, z podobnymi kolorami|nie prać chemicznie|nie wybielać",in stock,New,119.00 PLN,"https://vwdostawcze-sklep.pl/katalog/1/bluzka-dla-dzieci-vw-t1,208449.html?a=1",https://vwdostawcze-sklep.pl/web/uploaded_images/gallery/1624975627_286a30e1af3cbe39f654c052a2a1cbd3.jpeg,VW,https://vwdostawcze-sklep.pl/web/uploaded_images/gallery/1624975628_aa3949ab4640cf6a6466476689615bd9.jpeg,
7E9084152A645,Bluzka dla dzieci VW T1 - 116/122,"Bordowa bluzka dziecięca Henley z kolekcjiHeritage, zdługim rękawem i plisą na guziki. Zapinana na 3 guziki, z dużym nadrukiem T1 w kolorze ciemnoczerwonym z przodu i nadrukiemVolkswagena na karku. Bluzka wykonana z przyjemnej w dotyku bawełny organicznej.|Uwaga:|prać w 30°C|nie chlorować|nie suszyć w suszarce bębnowej|prać i prasować na lewej stronie, z podobnymi kolorami|nie prać chemicznie|nie wybielać",in stock,New,119.00 PLN,"https://vwdostawcze-sklep.pl/katalog/1/bluzka-dla-dzieci-vw-t1,208448.html?a=1",https://vwdostawcze-sklep.pl/web/uploaded_images/gallery/1627622590_74064e7b224840fcdac2ea7628918e12.jpeg,VW,https://vwdostawcze-sklep.pl/web/uploaded_images/gallery/1624625084_0e678aa0dced577072630ad2b3ee043a.jpeg,
7E9084210D645,"T-shirt damski VW T1, bordowy - XL","Damski t-shirt z krótkim rękawem w kolorze bordowym, z kolekcjiHeritage. Z przodu duży nadruk motywu T1. Na karku kolorowa tasiemka, z brzegu prawego rękawa ozdobna metka pętelkowa. Wykonany w95% z bawełny organicznej i 5% elastanu.|T-shirt dostępnyw rozmiarach: XS – XL|Uwaga:|prać w 30°C|prać i prasować na lewej stronie (nie prasować po nadruku)|nie suszyć w suszarce bębnowej|nie prać chemicznie|nie wybielać",in stock,New,129.00 PLN,"https://vwdostawcze-sklep.pl/katalog/1/t-shirt-damski-vw-t144-bordowy,208526.html?a=1",https://vwdostawcze-sklep.pl/web/uploaded_images/gallery/1638442789_96aece36900f0189089bdc0047da4fa3.jpeg,VW,,
7E9084210C645,"T-shirt damski VW T1, bordowy - L","Damski t-shirt z krótkim rękawem w kolorze bordowym, z kolekcjiHeritage. Z przodu duży nadruk motywu T1. Na karku kolorowa tasiemka, z brzegu prawego rękawa ozdobna metka pętelkowa. Wykonany w95% z bawełny organicznej i 5% elastanu.|T-shirt dostępnyw rozmiarach: XS – XL|Uwaga:|prać w 30°C|prać i prasować na lewej stronie (nie prasować po nadruku)|nie suszyć w suszarce bębnowej|nie prać chemicznie|nie wybielać",in stock,New,129.00 PLN,"https://vwdostawcze-sklep.pl/katalog/1/t-shirt-damski-vw-t144-bordowy,208525.html?a=1",https://vwdostawcze-sklep.pl/web/uploaded_images/gallery/1638442768_70936b223cfee4b13111978437307c40.jpeg,VW,,
7E9084210B645,"T-shirt damski VW T1, bordowy - M","Damski t-shirt z krótkim rękawem w kolorze bordowym, z kolekcjiHeritage. Z przodu duży nadruk motywu T1. Na karku kolorowa tasiemka, z brzegu prawego rękawa ozdobna metka pętelkowa. Wykonany w95% z bawełny organicznej i 5% elastanu.|T-shirt dostępnyw rozmiarach: XS – XL|Uwaga:|prać w 30°C|prać i prasować na lewej stronie (nie prasować po nadruku)|nie suszyć w suszarce bębnowej|nie prać chemicznie|nie wybielać",in stock,New,129.00 PLN,"https://vwdostawcze-sklep.pl/katalog/1/t-shirt-damski-vw-t144-bordowy,208524.html?a=1",https://vwdostawcze-sklep.pl/web/uploaded_images/gallery/1638442674_afbfa5eb6529c8d6afa71a93723018a7.jpeg,VW,,
7E9084210A645,"T-shirt damski VW T1, bordowy - S","Damski t-shirt z krótkim rękawem w kolorze bordowym, z kolekcjiHeritage. Z przodu duży nadruk motywu T1. Na karku kolorowa tasiemka, z brzegu prawego rękawa ozdobna metka pętelkowa. Wykonany w95% z bawełny organicznej i 5% elastanu.|T-shirt dostępnyw rozmiarach: XS – XL|Uwaga:|prać w 30°C|prać i prasować na lewej stronie (nie prasować po nadruku)|nie suszyć w suszarce bębnowej|nie prać chemicznie|nie wybielać",in stock,New,129.00 PLN,"https://vwdostawcze-sklep.pl/katalog/1/t-shirt-damski-vw-t144-bordowy,208523.html?a=1",https://vwdostawcze-sklep.pl/web/uploaded_images/gallery/1638442723_dc1612efc572e784f04f1fbae3e33bee.jpeg,VW,,
7E9084210645,"T-shirt damski VW T1, bordowy - XS","Damski t-shirt z krótkim rękawem w kolorze bordowym, z kolekcjiHeritage. Z przodu duży nadruk motywu T1. Na karku kolorowa tasiemka, z brzegu prawego rękawa ozdobna metka pętelkowa. Wykonany w95% z bawełny organicznej i 5% elastanu.|T-shirt dostępnyw rozmiarach: XS – XL|Uwaga:|prać w 30°C|prać i prasować na lewej stronie (nie prasować po nadruku)|nie suszyć w suszarce bębnowej|nie prać chemicznie|nie wybielać",out of stock,New,129.00 PLN,"https://vwdostawcze-sklep.pl/katalog/1/t-shirt-damski-vw-t144-bordowy,208522.html?a=1",https://vwdostawcze-sklep.pl/web/uploaded_images/gallery/1638442461_a10ee824544ee197c4c521cddbfb1a1e.jpeg,VW,,
1H2069601B,Szklanka z zimowym motywem VW T1,"Przezroczysta szklanka z białym motywem zimowym VW T1 o pojemności 26 cl. Wykonana ze szkła, przeznaczona również do gorących napojów. Szklankasprzedawana jest w opakowaniu prezentowym.|Ilość sztuk w opakowaniu - 1|Edycja limitowana – do wyczerpania zapasu.",in stock,New,35.00 PLN,"https://vwdostawcze-sklep.pl/katalog/1/szklanka-z-zimowym-motywem-vw-t1,208515.html",https://vwdostawcze-sklep.pl/web/uploaded_images/gallery/1637311773_51ac1688750be94b2fa69b9ebc2e9ab0.jpeg,VW,,
5H9087798,Ozdobny świecznik w kształcie VW T1,"Bialy świecznik w kształcie VW T1 wykonany z wysokiej jakości porcelany, o matowym wykończeniu. Świecznik sprzedawany jest w opakowaniu prezentowym.|Wymiary [mm]: dł. 133 x szer. 67 x wys. 70|Edycja limitowana – do wyczerpania zapasu.",in stock,New,69.00 PLN,"https://vwdostawcze-sklep.pl/katalog/1/ozdobny-swiecznik-w-ksztalcie-vw-t1,208516.html",https://vwdostawcze-sklep.pl/web/uploaded_images/gallery/1637311735_f60165e505664aac50d37971fee96cbb.jpg,VW,https://vwdostawcze-sklep.pl/web/uploaded_images/gallery/1637311745_c42f26c9220218a1d074c693a5420bed.jpg,
1H2069660,Foremki do ciastek w kształcie VW T1/Beetle,"Foremki do ciastek w kształcie VW T1 i Beetle w kolorze czerwonym, z dyszą do wyciskania. Zestaw zawiera cztery foremki wykonane z plastiku (ABS). Foremki nadają się do żywności, można je myć w zmywarce.|Edycja limitowana – do wyczerpania zapasu.",in stock,New,59.00 PLN,"https://vwdostawcze-sklep.pl/katalog/1/foremki-do-ciastek-w-ksztalcie-vw-t147beetle,208517.html",https://vwdostawcze-sklep.pl/web/uploaded_images/gallery/1637153071_3981cdf316265f307864600e613037b3.jpeg,VW,,
5H9087790A,Szklana bombka z zimowym motywem VW T1,"Bombka choinkowa wykonana z przezroczystego szkłaz białym zimowym wzorem VW T1. Na górze, dole oraz deseniu ozdobiona brokatowymi drobinkami. W zestawie znajduje się srebrny pasek do zawieszenia na choince.Bombka sprzedawana jest w opakowaniu prezentowym.|Średnica bombki: 80 mm|Edycja limitowana – do wyczerpania zapasu.",in stock,New,45.00 PLN,"https://vwdostawcze-sklep.pl/katalog/1/szklana-bombka-z-zimowym-motywem-vw-t1,208518.html",https://vwdostawcze-sklep.pl/web/uploaded_images/gallery/1637153059_bdd65601259739342e87c981a8c2ace5.jpeg,VW,,
5H9087790,Bombka w kształcie VW T1 z choinką,"Ręcznie malowana bombka w kształcie VW T1, z choinką na dachu. Bombka jest wykonana ze szkła i posiada błyszczące elementy (nadkola, choinka).|Wymiary [mm]: dł. 85 x szer. 30 x wys. 70|Edycja limitowana – do wyczerpania zapasu.",in stock,New,55.00 PLN,"https://vwdostawcze-sklep.pl/katalog/1/bombka-w-ksztalcie-vw-t1-z-choinka,208519.html",https://vwdostawcze-sklep.pl/web/uploaded_images/gallery/1637153046_9effe114c5d318ae4006f763342e7600.jpeg,VW,,
211087620A274,Pamięć USB VW T1 (niebieska),Pendrive z pamięcią 8 GB w kształcie Volkswagena Ogórka; podczas pracy świecą się jego reflektory. Metalowa karoseria z obracającymi się gumowymi kółkami.|Kolor: czerwony lub niebieski|Długość: 6 cm,in stock,New,89.00 PLN,"https://vwdostawcze-sklep.pl/katalog/1/pamiec-usb-niebieska,203727.html",https://vwdostawcze-sklep.pl/web/uploaded_images/gallery/6253-usb-niebieskie.jpg,VW,,
211087620A645,Pamięć USB VW T1 (czerwona),Pendrive z pamięcią 8 GB w kształcie Volkswagena Ogórka; podczas pracy świecą się jego reflektory. Metalowa karoseria z obracającymi się gumowymi kółkami.|Kolor: czerwony lub niebieski|Długość: 6 cm,in stock,New,89.00 PLN,"https://vwdostawcze-sklep.pl/katalog/1/pamiec-usb-czerwona,203726.html",https://vwdostawcze-sklep.pl/web/uploaded_images/gallery/6252-usb-czerwone.jpg,VW,,
1H3087703A,Wycieraczka domowa VW T1,"Wytrzymały dywanik z motywem VW T1. Można go prać w temperaturze do 30°.|Wymiary:|długość: 60 cm,|szerokość: 40 cm",in stock,New,95.00 PLN,"https://vwdostawcze-sklep.pl/katalog/1/wycieraczka-domowa-vw-t1,208299.html",https://vwdostawcze-sklep.pl/web/uploaded_images/gallery/1553762692_08a665aa893681664162fb518a138636.jpg,VW,,
1H3069620,Materac wodny VW T1 Bulli,"Dmuchany materac z wytłaczanymi konturami w stylistyce T1. Materac posiada nadruk na górze, na dole jest jednokolorowy - biały.|Z pewnością przyda się podczas letnich dni nad wodą!|długość: 180 cm|szerokość: 80 cm|waga: 1,11 kg",in stock,New,75.00 PLN,"https://vwdostawcze-sklep.pl/katalog/1/materac-wodny-t1-bulli,208305.html",https://vwdostawcze-sklep.pl/web/uploaded_images/gallery/1556114005_ebd663fef7ce22a8ba08cfd6a789508c.jpg,VW,https://vwdostawcze-sklep.pl/web/uploaded_images/gallery/1556114005_6e2d4844c9af4fd62c4a3862d0ad9a62.jpg,
1H9087528A,"Puzzle drewniane VW, 7 części",Pięknie wykonane drewniane puzzle z 7 wariantami modeli Volkswagena. Wyprodukowane przez Gollnest & Kiesel.|Długość: 30 cm|Szerokość: 21 cm|Wysokość: 8 cm,out of stock,New,59.00 PLN,"https://vwdostawcze-sklep.pl/katalog/1/puzzle-drewniane-vw44-7-czesci,208256.html",https://vwdostawcze-sklep.pl/web/uploaded_images/gallery/1507296148_c16400a2efa749f178303515ad9e261b.jpg,VW,,
7E0087605,Parasol przeciwsłoneczny VW T1,"Parasol przeciwsłoneczny z motywem kultowego modelu Volksawagena T1. Ochroni przed deszczem oraz słońcem całą rodzinę. Średnica parasola ma ok. 2m, składa się on z 8 segmentów wykonanych z wysokiej jakości poliestru. Parasol jest odporny na wodę, wszelkiego rodzaju zabrudzenia. Parasol w zestawie zawiera metalową rurę o rozmiarach 22/25 mm.|​|Dostawa nie obejmuje podstawy.",in stock,New,279.00 PLN,"https://vwdostawcze-sklep.pl/katalog/1/parasol-przeciwsloneczny-t1,208252.html",https://vwdostawcze-sklep.pl/web/uploaded_images/gallery/1507293651_943939bd37e261b50a62a48f063c8373.jpg,VW,,
7E0087013,Brelok skórzany VW T1,"Skórzany brelok do kluczy ozdobiony z jednej strony logo Volkswagen a z drugiej motywem kultowego busa T1 Bulli.|Długość: 9,5 cm|Szerokość: 4, 5 cm",in stock,New,19.00 PLN,"https://vwdostawcze-sklep.pl/katalog/1/brelok-skorzany-t1,208251.html",https://vwdostawcze-sklep.pl/web/uploaded_images/gallery/1507293512_5f42fd7decc214184958191f3521b0cc.jpg,VW,,
231087010BJKA,Brelok VW T1 z żetonem 1 euro,Stylowy breloczek z motywem legendarnego busa T1 Bulli z żetonem wielkości 1 euro do wózków na zakupy. Dzięki temu każdy wypad na zakupy będzie wygodny i przyjemny.|Długość: 35 cm|Wysokość: 60 cm,in stock,New,21.00 PLN,"https://vwdostawcze-sklep.pl/katalog/1/brelok-t1-z-zetonem-1-euro,208016.html",https://vwdostawcze-sklep.pl/web/uploaded_images/gallery/2010905-brelokt1.jpg,VW,,
2K0087010,Breloczek VW T1 czerwony,Breloczek z napisem T1 w kolorze czerwonym/białym. Brelok jest wykonany z tworzywa sztucznego.|Kolor: Czerwony lub biały|Materiał: Plastik,in stock,New,27.00 PLN,"https://vwdostawcze-sklep.pl/katalog/1/breloczek-t1-czerwony,207811.html",https://vwdostawcze-sklep.pl/web/uploaded_images/gallery/2010729-breloeczekczerwony.jpg,VW,,
211087511A,Modelik zabawka T1 z silniczkiem sprężynowym,Model legendarnego T1 z funkcją napędu sprężynowego. Zabawka z kolekcji Lifestyle przeznaczona dla dzieci powyżej 3 roku życia.|Wymiary: 150 x 67 x 70 mm,out of stock,New,35.00 PLN,"https://vwdostawcze-sklep.pl/katalog/1/modelik-zabawka-t1,4286.html",https://vwdostawcze-sklep.pl/web/uploaded_images/gallery/6864-modelikt1a.jpg,VW,,
000087703ED,Kolorowanka z kolekcji VW Transporter,"Świetna niespodzianka dla Twojego dziecka, kolorowanka z kolekcji Transporter, a w niej 24 strony rysunków modeli od T1 do T6. Format A5",out of stock,New,16.00 PLN,"https://vwdostawcze-sklep.pl/katalog/1/kolorowanka-z-kolekcji-transporter,4210.html",https://vwdostawcze-sklep.pl/web/uploaded_images/gallery/6841-kolorowanka.jpg,VW,,
1H1069635,"Krzesło kempingowe VW T1, składane","Składane krzesło kempingowe T1 przyda się podczas niejednej wakacyjnej przygody! Siedzisko wykonane zostało z tkaniny poliestrowej i umocowane na metalowych, składanych prętach. Średnica prętu wynosi 16mm, dzięki czemu krzesło jest stabilne i wytrzymałe.|Wymiary:|Wysokość: 40/83 cm|Średnica: ok. 80 cm|Uwaga! Maksymalne dopuszczalne obciążenie krzesła: 100 kg.|Edycja limitowana. Do wyczerpania zapasów.",in stock,New,299.00 PLN,"https://vwdostawcze-sklep.pl/katalog/1/krzeslo-kempingowe-vw-t144-skladane,208329.html",https://vwdostawcze-sklep.pl/web/uploaded_images/gallery/1589790877_a9c669124839514ef6e5d7a837aadeed.jpeg,VW,"https://vwdostawcze-sklep.pl/web/uploaded_images/gallery/1589790880_4af6fb00132f7b8e7f34dc05e0aa3c42.jpeg,https://vwdostawcze-sklep.pl/web/uploaded_images/gallery/1589790882_dfc2d85f2f13028faaf069253e8a478f.jpeg,https://vwdostawcze-sklep.pl/web/uploaded_images/gallery/1589790885_90324bdf10a7ae64e7786b28d77bdfa4.jpeg",
1H1084600,"Fartuch VW T1, szary, bawełniany","Fartuch z nadrukowanym motywem T1 w kuchni podczas gotowania z pewnością zabezpieczy ubranie przed zachlapaniem. Fartuch wykonany został z bawełny, posiada przednią kieszeń i regulowany pasek na szyję.|Materiał: 100% bawełna.|Wymiary:|Długość: 80 cm|Szerokość: 58 cm|Zalecane, aby prać w pralce w 30 °.|Edycja limitowana. Do wyczerpania zapasów.",in stock,New,69.00 PLN,"https://vwdostawcze-sklep.pl/katalog/1/fartuch-vw-t144-szary44-bawelniany,208330.html",https://vwdostawcze-sklep.pl/web/uploaded_images/gallery/1582892626_12095ccc9732947670ff1bd1c8114dd6.jpg,VW,https://vwdostawcze-sklep.pl/web/uploaded_images/gallery/1589790646_88323bc459187ac244289604706da45f.jpeg,
1H1069621,Śpiwór VW T1,Przydatny podczas wakacji i wszelkich wyjazdów śpiwór z motywem T1.|Wymiary po otwarciu:|159 x 190 cm|Wymiary po zamknięciu:|75 x 190 cm|Materiał: 100% poliester.|Dostarczamy w opakowaniu kompresyjnym.|Śpiwór wraz z pokrowcem dostępny do wyczerpania zapasów!,in stock,New,169.00 PLN,"https://vwdostawcze-sklep.pl/katalog/1/spiwor-vw-t1,208328.html",https://vwdostawcze-sklep.pl/web/uploaded_images/gallery/1582892302_ecc64edbc00d3499f7edc1b827304d1e.jpg,VW,"https://vwdostawcze-sklep.pl/web/uploaded_images/gallery/1589791010_05e6df857b3aa4e74eede028d765b994.jpg,https://vwdostawcze-sklep.pl/web/uploaded_images/gallery/1589791007_837fdf381f54befeaa491e8dbc622998.jpg",
211087620B645,"Pendrive VW T1 czerwony, 8GB","Pamięć USB w kształcie kultowego Volkswagena T1, to wspaniały gadżet dla każdego fana tego samochodu! Pendrive posiada 8 GB miejsca do przechowywania plików. Wyposażony został w ruchome koła oraz reflektory LED, które świecą się podczas pracy urządzenia.",in stock,New,109.00 PLN,"https://vwdostawcze-sklep.pl/katalog/1/pendrive-t1-czerwony,208327.html",https://vwdostawcze-sklep.pl/web/uploaded_images/gallery/1582892089_d56950bd9a783c379497cd678b23e159.jpg,VW,,
1H1087703A,Zestaw magnesów VW T3,"Zestaw trzech magnesów na lodówkę: model T3 w wersji Pick up, Camper ze składanym dachem i jako Syncro. Do stosowania na wszystkich powierzchniach magnetycznych.|Szerokość: 6 cm|Wysokość: 4 cm",in stock,New,25.00 PLN,"https://vwdostawcze-sklep.pl/katalog/1/zestaw-magnesow-vw-t3,208326.html",https://vwdostawcze-sklep.pl/web/uploaded_images/gallery/1582891916_06b98dcb07e4dcf2b50a446458e2cacc.jpg,VW,,
1H1087703,Brelok do kluczy VW T1 z żetonem na zakupy,"Zawieszka do kluczy wykonana z cynku w kolorze srebrnym, w kształcie przodu T1. Brelok posiada żeton, który wykorzystać można podczas zakupów. Z tyłu breloka znajduje się logo marki Volkswagen.",out of stock,New,34.00 PLN,"https://vwdostawcze-sklep.pl/katalog/1/brelok-do-kluczy-t1-z-zetonem-na-zakupy,208325.html",https://vwdostawcze-sklep.pl/web/uploaded_images/gallery/1582891722_7cadc159e54ada20a8d93a407559df5b.jpg,VW,,
1H1051708A,Etui VW T1 na Samsunga S10,Etui dla Samsunga Galaxy S10 z frontem kultowego T1. Etui wykonane jest z materiału PVC i ma miękką w dotyku powierzchnię.,in stock,New,39.00 PLN,"https://vwdostawcze-sklep.pl/katalog/1/etui-t1-na-samsunga-s10,208324.html",https://vwdostawcze-sklep.pl/web/uploaded_images/gallery/1582890794_fdb49c4448b1990c451e356a3e3826a8.jpg,VW,,
1H1051708,Etui VW T1 na iPhone XI PRO,Etui dla iPhone XI PRO z frontem kultowego T1. Etui wykonane jest z materiału PVC i ma miękką w dotyku powierzchnię.,in stock,New,39.00 PLN,"https://vwdostawcze-sklep.pl/katalog/1/etui-vw-t1-na-iphone-xi-pro,208323.html",https://vwdostawcze-sklep.pl/web/uploaded_images/gallery/1582890522_6a7ae9ccbe13fe9cd5829bdff8230d59.jpg,VW,,
1H1087317,"Kosmetyczka VW T1, 'Polizei', zielona",Kosmetyczka T1 z motywem wozu policyjnego. Zamykana na zamek błyskawiczny wewnątrz posiada haczyk do zwieszenia oraz dodatkowe przedziały ułatwiające porządkowanie kosmetyków.|Kosmetyczka wykonana została z neoprenu.|Wymiary:|Szerokość: 30 cm|Wysokość: 14cm|Głębokość: 12cm|Edycja limitowana. Do wyczerpania zapasów.,in stock,New,79.00 PLN,"https://vwdostawcze-sklep.pl/katalog/1/kosmetyczka-vw-t144-39polizei3944-zielona,208331.html",https://vwdostawcze-sklep.pl/web/uploaded_images/gallery/1582892747_f966fe9799cdd3f9b936a796d4f93fa5.jpg,VW,https://vwdostawcze-sklep.pl/web/uploaded_images/gallery/1589959158_d63c9e7c27dcbfb1d95f7e97cc4f2c61.jpeg,
1H1087311,Torba termiczna VW T1,"Ciepły dzień, a w drodze ochota na coś zimnego? Przewóz produktów potrzebujących schłodzenia zapewni torba termiczna z motywem T1. Torba zamykana jest na zamek błyskawiczny, posiada dużą przestrzeń wewnętrzną. Dzięki przenośnemu paskowi na ramię i małemu uchwytowi na górze umożliwia łatwe przenoszenie.|Wymiary:|Długość: 35 cm|Szerokość: 28 cm|Wysokość: 36 cm|Edycja limitowana. Do wyczerpania zapasów.",out of stock,New,137.00 PLN,"https://vwdostawcze-sklep.pl/katalog/1/torba-termiczna-vw-t1,208332.html",https://vwdostawcze-sklep.pl/web/uploaded_images/gallery/1582892871_14ceb7f05e7b25aad0e257cabe028f95.jpg,VW,"https://vwdostawcze-sklep.pl/web/uploaded_images/gallery/1589790096_e889eb1471f40886702fddc0ef661de2.jpeg,https://vwdostawcze-sklep.pl/web/uploaded_images/gallery/1589790099_66219cb3a2f1488ece796b8a75ef8742.jpeg,https://vwdostawcze-sklep.pl/web/uploaded_images/gallery/1589790101_3964cb1f8cfec18413926b63af456993.jpeg,https://vwdostawcze-sklep.pl/web/uploaded_images/gallery/1589790107_0e4f553789dc8b5fd364cc40ea88a3f2.jpeg",
1H1069649,Lunchbox T1,"Metalowy lunchbox w kształcie frontu T1 z nadrukiem. Produkt dostępny tylko w kolorze widocznym na zdjęciu. Jedzenie zapakowane w takie pudełko z pewnością umili każdy posiłek!|Długość: 20cm|Szerokość:19 cm|Wysokość: 11,5cm",out of stock,New,77.00 PLN,"https://vwdostawcze-sklep.pl/katalog/1/lunchbox-t1,208319.html",https://vwdostawcze-sklep.pl/web/uploaded_images/gallery/1574854852_10e3641424b4f54c3c1044079f3d5b0e.jpg,VW,,
7E9069641,Toster VW T1,"Elegancki i stylowy toster ze stali szlachetnej z wytłoczonym logo T1 z przodu i indywidualnie zaprojektowanym, wypiekanym wzorem nawiązującym do stylistyki T1.Dzięki 7 różnym stopniom opiekania oraz systemowi wyśrodkowania kromek chleba zapewnia równomierne opiekanie z obu stron.|Toster posiada wyjmowaną szufladkę na okruchy, antypoślizgowe nóżki i zwijacz kabla.Produkt posiada znak jakości GS.|Toster jest wyposażony w różne przyciski funkcyjne:|przyciski rozmrażania (przycisk Frozen) oraz odgrzewania (przycisk Reheat) z czerwoną lampką kontrolną|przycisk wcześniejszego przerwania procesu opiekania (przycisk Cancel)|automatyczne wyłączenie w przypadku zablokowania się pieczywa|wbudowaną dźwignię do podnoszenia kromek chleba|Wymiary:|Długość: 26 cm|Szerokość: 15,5 cm|Wysokość: 18,5cm",in stock,New,329.00 PLN,"https://vwdostawcze-sklep.pl/katalog/1/toster-t1,208309.html",https://vwdostawcze-sklep.pl/web/uploaded_images/gallery/1566907827_fc4a4641206726e292860051dec063af.jpg,VW,https://vwdostawcze-sklep.pl/web/uploaded_images/gallery/1566907839_dcd32a514b781df9ebe337b1a190d0d7.jpg,
33D050850A,Naszyjnik z zawieszką VW T1 z kryształkami Swarovskiego (dł. 40 cm),"Turkusowy naszyjnik z zawieszką T1z kryształkami Swarovskiego. Naszyjnik jest solidnie połączony z zapięciem, na którym znajduje się małe logo marki Volkswagen. Długość łańcuszka jest regulowana(ok. 40 cm). Zawieszka jest wykonana z nierdzewnej stali i ma kształt Volkswagena T1 w kolorze turkusowym. Na zawieszce znajdują się 4 kryształki Swarovskiego (jako reflektory).",in stock,New,149.00 PLN,"https://vwdostawcze-sklep.pl/katalog/1/naszyjnik-z-zawieszka-t1-z-krysztalkami-swarovskiego-40dl46-40-cm41,208354.html",https://vwdostawcze-sklep.pl/web/uploaded_images/gallery/1607074125_271fc5d0aa9a6f23db0ed6be236effc8.jpeg,VW,https://vwdostawcze-sklep.pl/web/uploaded_images/gallery/1607074131_ea30e764ec86a500500eb28c126f8dac.jpeg,
1H1061104,Składany pojemnik do bagażnika VW T1,"Składany pojemnik do bagażnika nawiązujący stylistyką do kultowego Volkswagena T1.Pojemnik jest wytrzymały, wykonany z materiału wodoodpornego, odpornego na rozdarcia i zabrudzenia.|Przeznaczony do przewożenia rzeczy w bagażniku, ale też przenoszenia czy przechowywania, może utrzymać do 30 kg.|Wymiary:|Długość: 50 cm|Szerokość: 27,5 cm|Wysokość: 32 cm",in stock,New,129.00 PLN,"https://vwdostawcze-sklep.pl/katalog/1/skladany-pojemnik-do-bagaznika-t1,208353.html",https://vwdostawcze-sklep.pl/web/uploaded_images/gallery/1607074198_bd42c9a23399d11491592da7a9e28cac.jpeg,VW,https://vwdostawcze-sklep.pl/web/uploaded_images/gallery/1607074205_f5f714824c4e6838ad6b21cf9ea2c81a.jpeg,
1H1087703B,"Butelka do napojów VW T1, poj. 0,7 l","Butelka do napojów o pojemności0,7 l z motywem jasnoniebieskiego frontu Volkswagena T1. Butelka o prostym, praktycznym designie, wykonana ze szkła, nadaje się do napojów gazowanych i może być myta w zmywarce.|Wymiary:|Średnica: 7,5 cm|Wysokość: 26 cm",in stock,New,89.00 PLN,"https://vwdostawcze-sklep.pl/katalog/1/butelka-do-napojow-t144-poj46-0447-l,208350.html",https://vwdostawcze-sklep.pl/web/uploaded_images/gallery/1607073931_38e81d0a7551b32533acf464fa4ad2ea.jpg,VW,,
1H1087300,Torba weekendowa VW T1,"Torba z motywem T1 doskonale sprawdzi się nie tylko dla podróżników i uprawiających sport. Zamykana na zamki błyskawiczne z suwakami w kształcie T1. Torba jest praktyczna i wytrzymała - ma wodoodporną wewnętrzną powłokę, boczną kieszeń na mokre rzeczy/buty i odpinany, miękko wyściełany pasek na ramię.|Wymiary:|Głębokość: 25 cm|Szerokość: 50 cm|Wysokość: 26 cm",in stock,New,199.00 PLN,"https://vwdostawcze-sklep.pl/katalog/1/torba-weekendowa-t1,208349.html",https://vwdostawcze-sklep.pl/web/uploaded_images/gallery/1607074242_e3c5afda65e74119eb8f156a0e0d14db.jpg,VW,,
211099303BL9,"Modelik VW T1 Pickup z przyczepą, skala 1:24","Model auta T1 (typ2) w wersji pick-up z przeczepką kempingową, walizkami w przestrzeni ładunkowej oraz zamontowaną z boku deską surfingową. Samochód posiada ruchome kółka.|Numer rejestracyjny: WOB-VW426|Małe części! Nie dla dzieci poniżej 36 miesiąca.|Edycja kolekcjonerska. Do wyczerpania zapasów.",in stock,New,119.00 PLN,"https://vwdostawcze-sklep.pl/katalog/1/modelik-vw-t1-pickup-z-przyczepa44-skala-15824,208337.html",https://vwdostawcze-sklep.pl/web/uploaded_images/gallery/1589529199_f8204d3e0ddaeba6edeffcfa2fbee178.jpg,VW,,
211099303AA11,"Modelik VW T1 Pickup z plandeką, skala 1:24","Model auta T1 (typ2) w wersji pick-up z plandeką na części ładunkowej. Z przodu na dachu samochodu zamontowany bagażnik z walizkami. Samochód posiada ruchome kółka.|Numer rejestracyjny: WOB-VW425|Małe części! Nie dla dzieci poniżej 36 miesiąca.|Wymiary:|długość 17,5 cm,|szerokość: 7,5 cm,|wysokość: 9,5 cm|Edycja kolekcjonerska. Do wyczerpania zapasów.",in stock,New,109.00 PLN,"https://vwdostawcze-sklep.pl/katalog/1/modelik-vw-t1-pickup-z-plandeka44-skala-15824,208336.html",https://vwdostawcze-sklep.pl/web/uploaded_images/gallery/1589789822_f4ca5c3528bc968c38ecd5742aff3b09.jpeg,VW,,
1H2050810,Zegar ścienny VW T1 - Time to get out,"Zegar ścienny ozdobiony wzorem modelu T1 z górami w tle i hasłem ""Time to get out”. Zegarz prostą, metalową ramką i szklaną osłoną. Zegar oparty jest o mechanizm kwarcowy, jest dostarczanybez baterii.|Średnica: 300 mm",in stock,New,115.00 PLN,"https://vwdostawcze-sklep.pl/katalog/1/zegar-scienny-vw-t1-time-to-get-out,208383.html",https://vwdostawcze-sklep.pl/web/uploaded_images/gallery/1608724570_e1f346fe2b3065d4e8823e831f671791.jpg,VW,,
1H2087600,Parasol VW ,"Oryginalny, odwrócony parasol dwuwarstwowy z nadrukowanym wzorem T1 od wewnątrz, czarny na zewnątrz (po otwarciu). Parasol jest wyposażony w automatyczny mechanizm otwierania, ma zagiętą rączkę, stalowy trzpień i ramęz włókna szklanego w kolorze czarnym. Parasol składany do wewnątrz jest praktyczny i wygodny w użyciu - po złożeniu stoi bez podparcia i łatwo go złożyć np. przy wsiadaniu do samochodu.|Wymiary złożonego parasola:|Długość: 820 mm|Szerokość: 120 mm|Wysokość: 60 mm|Limitowana kolekcja „The Originals"", do wyczerpania zapasów.",in stock,New,99.00 PLN,"https://vwdostawcze-sklep.pl/katalog/1/parasol-vw-34the-originals34,208385.html",https://vwdostawcze-sklep.pl/web/uploaded_images/gallery/1610375438_c7cc1a8d33489de4247a66458dff5a26.jpeg,VW,https://vwdostawcze-sklep.pl/web/uploaded_images/gallery/1610375456_da96bcd5ea3f9220d42db91cd60c4030.jpeg,
7E9087318,Sportowy worek VW Camper Van,"Jasnoniebieski worek sportowy z kolekcji ""Time to get out"", z motywem Camper Van. Klasyczna torba sportowa wykonanaw 100% z bawełny. Efektowna i praktyczna, zamykana za pomocą dwóch czarnych bawełnianych sznurków.|Wymiary:|Długość: 350 mm|Szerokość: 450 mm",in stock,New,39.00 PLN,"https://vwdostawcze-sklep.pl/katalog/1/sportowy-worek-vw-camper-van,208386.html",https://vwdostawcze-sklep.pl/web/uploaded_images/gallery/1615558590_6b46218528bf7347444cbf442ab6613b.7E9087318,VW,,
7E9087511A,Zestaw Playmobile VW T1 Campervan,"Pakujemy T1 i ruszamy w drogę!|Zestaw Playmobile VW T1 Campervan dla dzieci od lat 5. Zestaw umożliwia zbudowanie kultowego VW T1 z charakterystyczną przednią częścią w kształcie litery V z białymi i czerwonymi elementami, czerwonym logo VW, zaokrąglonym dachem, dzieloną przednią szybą i zdejmowanym bagażnikiem dachowym. Zaletą zestawu jest autentycznie zaprojektowane wnętrze ze składanym stołem z dwoma siedzeniami oraz zlewozmywakiem i lodówką. Siedzenia w charakterystyczną dla lat 60. kratę można przekształcić w sypialnię dla dwóch osób.|Zestaw zawiera 74 części - dwie figurki PLAYMOBILE, VW T1 ze zdejmowanym dachem i walizkami, precyzyjnie wykonane wnętrze ze składaną tylną kanapą, otwieranymi bocznymi drzwiami z lustrem i miejscem na jedzenie oraz wiele innych uroczych akcesoriów tematycznych.|Wymiary:|Długość: 385 mm|Szerokość:284 mm|Wysokość:94 mm",in stock,New,239.00 PLN,"https://vwdostawcze-sklep.pl/katalog/1/zestaw-playmobile-vw-t1-campervan,208387.html",https://vwdostawcze-sklep.pl/web/uploaded_images/gallery/1608724861_16e7c3aa6f6b3dca93aa18b9964300c9.jpg,VW,"https://vwdostawcze-sklep.pl/web/uploaded_images/gallery/1612775703_ed571ca6168daba1082e332d608a2c1c.jpeg,https://vwdostawcze-sklep.pl/web/uploaded_images/gallery/1612775708_67eba278d3b3fe9a60c3cdfc33f00fbf.jpeg,https://vwdostawcze-sklep.pl/web/uploaded_images/gallery/1612775716_e21c701c1188ea30503267297feab80e.jpeg",
1H2099303A,"Modelik T1 Furgon, Ersatzteile, Skala 1:24","Wiernie odwzorowany model samochodu T1 z ruchomymi kołami. W kolorze niebieskim.|Ważne: małe części, które mogą zostać połknięte! Nie nadaje się dla dzieci poniżej 36 miesięcy.",in stock,New,109.00 PLN,"https://vwdostawcze-sklep.pl/katalog/1/modelik-t1-furgon44-ersatzteile44-skala-15824,208440.html",https://vwdostawcze-sklep.pl/web/uploaded_images/gallery/1620886153_f51f7203a39ae360c14ab9082c33ea4e.jpeg,VW,,
1H2069601,"Kubek VW T2, emalia, 0,5 l","Kubek emaliowany z motywem VW T2. Jest lekki, wytrzymały i odporny na warunki atmosferyczne. Brzeg kubka podkreślony czarnym wykończeniem.|Pojemność: 500 ml",in stock,New,55.00 PLN,"https://vwdostawcze-sklep.pl/katalog/1/kubek-vw-t244-emalia44-0445-l,208442.html",https://vwdostawcze-sklep.pl/web/uploaded_images/gallery/1621589338_3220442a9d1124525968f0e7c9590ab1.jpg,VW,,
1H2087010A,"Brelok VW T1 z otwieraczem, różne kolory","Brelok do kluczy połączony z otwieraczem do butelek, w kształcie frontu VWT1. Dostępny w 3 kolorach:czerwonym, niebieskim, miętowym. Kolor wysyłany losowo.|Wymiary:|Grubość: 3 mm|Szerokość:39 mm|Wysokość:54 mm",in stock,New,49.00 PLN,"https://vwdostawcze-sklep.pl/katalog/1/brelok-vw-t1-z-otwieraczem44-rozne-kolory,208443.html",https://vwdostawcze-sklep.pl/web/uploaded_images/gallery/1621589859_19a42cc3e996f91fa687f3b6c35aacc6.jpg,VW,,
7E9069604A,"Termos T1 z łyżeczką, poj. 0,45 l., metalowy","Termos ze stali nierdzewnej do gorących potraw / napojów.Utrzymuje żywność i napoje zimne do 16 godzin i ciepłe przez 9 godzin. Termos zzaworem ciśnieniowym ułatwiającym otwieranie, w 100% szczelny. Produkt bezpiecznydla żywności, bez smaku, bez BPA.|Z kolekcjiTime to get out.|Wyposażony w składaną łyżkę.|Pojemność: 450 ml",in stock,New,119.00 PLN,"https://vwdostawcze-sklep.pl/katalog/1/termos-t1-z-lyzeczka44-poj46-04445-l4644-metalowy,208444.html",https://vwdostawcze-sklep.pl/web/uploaded_images/gallery/1621590364_c51631e99ebdc1cc518e97af2473e7bc.jpg,VW,,
7E9069642,"Grill przenośny z motywem VW T2, kolekcja Heritage","Ciemnoczerwonyprzenośny grill, możliwy do zmontowania wkilka sekund. Grill z wyjmowaną tacą na węgiel drzewny i motywem kampera T2 na boku. Możliwość złożenia znacznie ułatwia transport.|Wymiary:|Długość: 260 mm|Szerokość: 300 mm|Wysokość: 85 mm",in stock,New,359.00 PLN,"https://vwdostawcze-sklep.pl/katalog/1/grill-przenosny-z-motywem-vw-t244-kolekcja-heritage,208445.html",https://vwdostawcze-sklep.pl/web/uploaded_images/gallery/1621590647_0548dc856028edf691e8bff084c795f8.jpg,VW,,
7E9087600,"Parasol T1, kolekcja Heritage","Parasol T1 wykonany ze stali i włókna szklanego, z kolekcjiHeritage.Parasol z drewnianym, okrągłych uchwytem iautomatycznym mechanizmem otwierania, z niebieskim nadrukiem z motywem T1 i trzema różnymi hasłami.|Doskonale chroni przed deszczem i wiatrem. Szkielet parasola wykonany jest z czarnegowłókna szklanego, a końcówki szprych są w kolorze jasnoniebieskim.|Wymiary:|Długość [mm]: 870|Średnica[cm]: 105",in stock,New,119.00 PLN,"https://vwdostawcze-sklep.pl/katalog/1/parasol-t144-kolekcja-heritage,208446.html",https://vwdostawcze-sklep.pl/web/uploaded_images/gallery/1622634299_a8601889d7bdac31e4cdc1818ea03337.jpg,VW,,
7E9069604,"Butelka do napojów T1, poj. 0,5 l., metalowa","Butelka ze stali nierdzewnej, zkolekcjiHeritage, z motywem VWT1. Wyposażona w bambusową pokrywęz logo Volkswagena, silikonową uszczelkęi uchwytdo przenoszenia.|Pojemność: 0,5 litra",out of stock,New,82.00 PLN,"https://vwdostawcze-sklep.pl/katalog/1/butelka-do-napojow-t144-poj46-0445-l4644-metalowa,208447.html",https://vwdostawcze-sklep.pl/web/uploaded_images/gallery/1622634853_68ffb82b22c7cf090dab305e0bec4924.jpg,VW,,
1H2087317,Torba plażowa VW T1,"Stylowa torba z motywem T1,idealna na dzień na plaży lub na zakupy. Torba zgrubymi sznurkami do noszenia na ramieniu. Po obu stronach torby umieszczony jest motyw VW T1 zróżnych perspektyw.Wewnątrz torba jest wyposażona w przegrodęna ważne przedmioty,zapinanąna zamek. Wykonana z poliestru (60%) i bawełny (40%).|Wymiary:|Długość: 56cm|Szerokość: 42cm|Wysokość: 13cm",in stock,New,119.00 PLN,"https://vwdostawcze-sklep.pl/katalog/1/torba-plazowa-vw-t1,208451.html",https://vwdostawcze-sklep.pl/web/uploaded_images/gallery/1624609979_1b27f7ecb5ea11ec5ba6a6e9ce2499bb.jpg,VW,,
7E9069601,Zestaw dwóch kubków emaliowanych T1/Beetle,"Emaliowany zestaw dwóch kubków w kolorach niebieskim i żółtym, z motywami Beetle i T1.Solidnie wykonany i lekki, dzięki czemu idealnie nadaje się na wyprawy kempingowe.|Pojemność: 250 ml",out of stock,New,99.00 PLN,"https://vwdostawcze-sklep.pl/katalog/1/zestaw-dwoch-kubkow-emaliowanych-t147beetle,208452.html",https://vwdostawcze-sklep.pl/web/uploaded_images/gallery/1624614010_d2e233df5d8bf4bc39d8ac4321e03966.jpeg,VW,,
7E9069691,Poduszka na siedzisko VW T1,"Wodoodporna niebiesko-biała poduszka z kolekcji Heritage, wykonana z poliestru:|solidna, hydrofobowa poduszka ""siedzisko"" lub jakooparcie|zewnętrzny pokrowiec z nadrukiem motywu T1 ""Time to get out""na całej powierzchni|do stosowania na wszystkich rodzajach mebli do siedzenia lub na podłodze|dzięki połączeniu 2 poduszek (siedziska i oparcia) można uzyskać wygodną pozycję siedzącą|pasek do noszenia ułatwiający przenoszenie poduszki|odpornąna wodę i zabrudzenia powierzchnię można łatwo wyczyścić wilgotną szmatką|zamek błyskawiczny umożliwia wyjęcie wewnętrznej poduszki z pokrowca, dzięki czemu można ją wyprać w pralce|posiada schowany zamek błyskawiczny, dzięki czemu nieprzeszkadza on podczas siedzenia|Wymiary:|Długość: 50cm|Szerokość: 50 cm|Wysokość: 8,5 cm|Uwaga:|nie suszyć w suszarce|nie prasować|nie prać chemicznie|nie wybielać|można prać w30°C",in stock,New,89.00 PLN,"https://vwdostawcze-sklep.pl/katalog/1/poduszka-na-siedzisko-vw-t1,208454.html",https://vwdostawcze-sklep.pl/web/uploaded_images/gallery/1624617744_ead20efd3a78115f0904bedabc89b958.jpeg,VW,https://vwdostawcze-sklep.pl/web/uploaded_images/gallery/1624620249_70d400c3cdd2ad956766e5026fa8071e.jpeg,
7E9087317A,"Kosmetyczka T1, kolekcja Heritage","Oliwkowa kosmetyczka T1 wykonana z materiału pochodzącego z recyklingu w kolorze ciemnego khaki,z kolekcjiHeritage. Praktyczna, łatwado zwinięcia i zawieszenia. Wnętrze w dwóch kontrastujących odcieniach niebieskiego. Kosmetyczka jest zamykana paskiem z plastikową klamrą zatrzaskową i ma metalowy klips do zawieszenia.Wewnątrz znajdują siędwie zapinane na zamek przegrody wykonane z siateczki (co ułatwia schnięcie wilgotnych rzeczy).Dodatkowo kosmetyczka ma komorę z dołączoną kieszenią, również zamykaną na suwak.Na zewnątrz znajduje się czarny nadruk „T1 Camper Van”, a wewnątrz znak Heritage w kolorze jasnoniebieskim.|Wymiary:|Długość: 32cm|Szerokość: 19cm|Wysokość: 5cm|Uwaga: Wycierać tylko wilgotną ściereczką.",in stock,New,145.00 PLN,"https://vwdostawcze-sklep.pl/katalog/1/kosmetyczka-t144-kolekcja-heritage,208455.html",https://vwdostawcze-sklep.pl/web/uploaded_images/gallery/1624618274_e20aecfadf7eb4b05fad00caf0be6084.jpg,VW,,
7E9087300,"Torba podróżna T1, kolekcja Heritage","Torba podróżna z logo “T1 Camper Van” wykonana z poliestru pochodzącego z recyklingu w kolorze ciemnooliwkowym, z kolekcjiHeritage. Ramiączka zapisane na dwa zatrzaski, co umożliwia wygodne przenoszenie. Dodatkowo odpisany pasek na ramię z możliwością regulacji długości, na metalowych karabińczykach. Na zewnątrz kieszeń na zamek błyskawiczny. Wewnątrz znajdują się dwie przegrody i wyściełana przegroda dla bezpiecznego przechowywania laptopa lub tabletu. Wszystkie zatrzaski torby posiadająlogo Volkswagena.|Wymiary:|Głębokość: 20cm|Szerokość: 50cm|Wysokość: 32cm|Pojemność: 38 l.|Ładowność: 30 kg|Uwaga: Wycierać tylko wilgotną ściereczką.",in stock,New,319.00 PLN,"https://vwdostawcze-sklep.pl/katalog/1/torba-podrozna-t144-kolekcja-heritage,208456.html",https://vwdostawcze-sklep.pl/web/uploaded_images/gallery/1624621962_4e32d2ab724aad13cf8524c404e5195f.jpeg,VW,https://vwdostawcze-sklep.pl/web/uploaded_images/gallery/1624622562_db800bb847f43f5a95b52626de841456.jpeg,
7E9084500,Ręcznik kąpielowy VW T1,"Ręcznik plażowy z motywem VW T1 z jednowarstwowej tkaniny frotte w kolorze niebieskim, z kolekcji Heritage.Posiada standard ""Oeko-Tex Standard 100"".|Wymiary:|Długość: 180cm|Szerokość: 100 cm|Gramatura: 450 g/m²|Uwaga:|można prać w 60°C|nie czyścić chemicznie|nie wybielać|można suszyć w suszarce|prasować w niskiej temperaturze",out of stock,New,149.00 PLN,"https://vwdostawcze-sklep.pl/katalog/1/recznik-kapielowy-vw-t1,208458.html",https://vwdostawcze-sklep.pl/web/uploaded_images/gallery/1624623080_15e6aa84a92e8e6f633ab618be1819c8.jpeg,VW,"https://vwdostawcze-sklep.pl/web/uploaded_images/gallery/1625051193_296547bc145c5391ac3787495e58a5e8.jpeg,https://vwdostawcze-sklep.pl/web/uploaded_images/gallery/1625051193_5a57364ca51bc4383204b4eb49abd481.jpeg",
7E9084509,"Koc piknikowy VW T1, kolekcja Heritage","Koc piknikowy T1 z wodoodpornym spodem, zkolekcjiHeritage. Koc w kolorzew niebieskim, puszysty i lekki. Zawiera uchwyt do przenoszenia, dzięki któremu po zwinięciu można wygodnie go przenosić. Na górze koca duży nadruk motywu T1.|Wymiary:|Długość [cm]: 200|Szerokość [cm]: 160|Wysokość [mm]: 2|Uwaga:|prać ręcznie|nie suszyć w suszarce|nie prasować|nie prać chemicznie|nie wybielać",in stock,New,139.00 PLN,"https://vwdostawcze-sklep.pl/katalog/1/koc-piknikowy-vw-t144-kolekcja-heritage,208459.html",https://vwdostawcze-sklep.pl/web/uploaded_images/gallery/1624623706_343133eaca222c4490ef2a7c3266ff69.jpeg,VW,,
7E9069635A,Leżak VW T1 dla dzieci,"Stylowy i solidny leżak dla dzieci z motywem kultowego Volkswagena T1. Stelażregulowany w 3 pozycjach siedzenia, wykonany jest z drewna bukowego bez glazury. Wymienna pokrywa z nadrukiem z przodu i białym tyłem.|Wymiary: 1300x500x28 mm|Waga leżaka: 2,65kg|Udźwig do 40 kg",in stock,New,169.00 PLN,"https://vwdostawcze-sklep.pl/katalog/1/lezak-vw-t1-dla-dzieci,208438.html",https://vwdostawcze-sklep.pl/web/uploaded_images/gallery/1618930555_c34c668f7534a83bd93e4faf50c8083d.jpeg,VW,,
7E9069635,Leżak VW T1 dla dorosłych,"Stylowy i solidny leżak dla dorosłych z motywem kultowego Volkswagena T1. Stelażregulowany w 3 pozycjach siedzenia, wykonany jest z drewna bukowego bez glazury. Wymienna pokrywa z nadrukiem z przodu i białym tyłem.|Wymiary: 1400x580x28 mm|Waga leżaka: 3,4 kg|Udźwig do 100 kg",in stock,New,269.00 PLN,"https://vwdostawcze-sklep.pl/katalog/1/lezak-vw-t1-dla-doroslych,208439.html",https://vwdostawcze-sklep.pl/web/uploaded_images/gallery/1618931007_b4a4cfc420d290e2c9c5652c615d15e5.jpeg,VW,,
7E9087511,"Pluszak T1, czerwony","Pluszowy autobus T1 w kolorzebeżowo-bordowym, z kolekcjiHeritage. Wykonany z miękkiego pluszu velboa. Może służyć jako poduszka lub rolka pod szyję.|Wymiary:|Długość: 29 cm|Szerokość: 14 cm|Wysokość: 17 cm|Uwaga:|można praćw 30°C|prać osobno, przy użyciułagodnego detergentu|nie suszyć w suszarce|nie prasować|nie prać chemicznie|nie wybielać|nie używać płynu do zmiękczania tkanin",in stock,New,129.00 PLN,"https://vwdostawcze-sklep.pl/katalog/1/pluszak-t144-czerwony,208460.html",https://vwdostawcze-sklep.pl/web/uploaded_images/gallery/1624630730_9d30afa4b8c9514f05ee034e6d1d2d39.jpeg,VW,,
7E9069607,Zestaw akcesoriów do grilla,"Zestaw 3 akcesoriów do grilla (łopatka, widelec do mięsa i szczypce) wykonany z polerowanej stali nierdzewnej, z drewnianymi uchwytami z wytłoczeniami, zkolekcjiHeritage. Łopatka do grilla posiada krawędź tnącą i funkcję otwieracza do butelek.|Wymiary:|Łopatka do grilla: ok. 40cm|Widelec do mięsa: ok. 37cm|Szczypce do grilla: ok. 37 cm",in stock,New,109.00 PLN,"https://vwdostawcze-sklep.pl/katalog/1/zestaw-akcesoriow-do-grilla,208461.html",https://vwdostawcze-sklep.pl/web/uploaded_images/gallery/1624866348_15fa4bdb3700571ed86712ecdd2682a9.jpeg,VW,,
7E9069602,"Deska do chleba z nożem, kolekcja Heritage","Składana drewniana (bambusowa) deska do krojenia z nożem wykonanym ze stali nierdzewnej z drewnianą rączką, z kolekcji Heritage. Na rękojeści noża i desce logo Heritage. Nóż ma 32 cm długości i posiada ząbkowaną krawędź.|Wymiary deski:|Długość [cm]: 38|Szerokość [cm]: 25|Wysokość [mm]: 25",in stock,New,124.00 PLN,"https://vwdostawcze-sklep.pl/katalog/1/deska-do-chleba-z-nozem44-kolekcja-heritage,208462.html",https://vwdostawcze-sklep.pl/web/uploaded_images/gallery/1624866515_bcace9d34919adce87e6508999a45b81.jpeg,VW,,
7E908770918R,"Skarbonka VW T1, niebieska","Ręcznie wykonana ceramiczna skarbonka w kształcie VW Camper Van, zkolekcjiHeritage. Posiada hipisowskie wzornictwo na jasnoniebieskim tle. Na spodzie znajduje się zatyczka do otwierania skarbonki.|Wymiary:|Długość: 22 cm|Wysokość: 9,5 cm",in stock,New,95.00 PLN,"https://vwdostawcze-sklep.pl/katalog/1/skarbonka-vw-t144-niebieska,208463.html",https://vwdostawcze-sklep.pl/web/uploaded_images/gallery/1624867103_c8b47ce1a89e9fa5fa0f600cdc551890.jpeg,VW,,
7E9087319,"Torba na ramię VW T1, kolekcja Heritage","Praktyczna torba ""listonoszka"" na ramię wykonana z materiału poliestrowego z recyklingu wkolorze ciemnego khaki, zkolekcjiHeritage. Torbę można nosić również przez ramię na skos. Pasek na ramię można regulować, mocowanie do torby przy pomocy metalowych kółek. Główna komora i przednia kieszeńz organizerem. Z przodu metalowy emblemat z grawerem ""T1 Camper Van"".|Wymiary:|Szerokość: 18 cm|Wysokość: 20 cm|Głębokość: 8 cm|Pojemność: 2l.|Ładowność: 10 kg|Uwaga: Wycierać tylko wilgotną ściereczką.",in stock,New,199.00 PLN,"https://vwdostawcze-sklep.pl/katalog/1/torba-na-ramie-vw-t144-kolekcja-heritage,208465.html",https://vwdostawcze-sklep.pl/web/uploaded_images/gallery/1624868217_89888cb19611c8bb8387217cf7b90aaa.jpeg,VW,https://vwdostawcze-sklep.pl/web/uploaded_images/gallery/1624868222_5c2af0ca60e8f2914348fdb573478cf2.jpeg,
