id,title,link,price,shipping,image_link,availability,brand,condition,google_product_category,custom_label_0,custom_label_1,ads_label,description
7E9084210645,"T-shirt damski VW T1, bordowy","https://vwdostawcze-sklep.pl/katalog/1/t-shirt-damski-vw-t144-bordowy,208522.html",129.00 PLN,PL:::15.00 PLN,https://vwdostawcze-sklep.pl/web/uploaded_images/gallery/1638442461_a10ee824544ee197c4c521cddbfb1a1e.jpeg,out of stock,VW,New,,,out_of_stock,,"Damski t-shirt z krótkim rękawem w kolorze bordowym, z kolekcjiHeritage. Z przodu duży nadruk motywu T1. Na karku kolorowa tasiemka, z brzegu prawego rękawa ozdobna metka pętelkowa. Wykonany w95% z bawełny organicznej i 5% elastanu.|T-shirt dostępnyw rozmiarach: XS – XL|Uwaga:|prać w 30°C|prać i prasować na lewej stronie (nie prasować po nadruku)|nie suszyć w suszarce bębnowej|nie prać chemicznie|nie wybielać"
7E9084152A645,Bluzka dla dzieci VW T1,"https://vwdostawcze-sklep.pl/katalog/1/bluzka-dla-dzieci-vw-t1,208448.html",119.00 PLN,PL:::15.00 PLN,https://vwdostawcze-sklep.pl/web/uploaded_images/gallery/1627622590_74064e7b224840fcdac2ea7628918e12.jpeg,in stock,VW,New,,,in_stock,,"Bordowa bluzka dziecięca Henley z kolekcjiHeritage, zdługim rękawem i plisą na guziki. Zapinana na 3 guziki, z dużym nadrukiem T1 w kolorze ciemnoczerwonym z przodu i nadrukiemVolkswagena na karku. Bluzka wykonana z przyjemnej w dotyku bawełny organicznej.|Uwaga:|prać w 30°C|nie chlorować|nie suszyć w suszarce bębnowej|prać i prasować na lewej stronie, z podobnymi kolorami|nie prać chemicznie|nie wybielać"
7E9084200AWN3,"T-shirt męski VW T1, oliwkowy","https://vwdostawcze-sklep.pl/katalog/1/t-shirt-meski-vw-t144-oliwkowy,208485.html",129.00 PLN,PL:::15.00 PLN,https://vwdostawcze-sklep.pl/web/uploaded_images/gallery/1624959589_1e3c886cd5957abfffa322904725570c.jpeg,in stock,VW,New,,,in_stock,,"Męski t-shirt z krótkim rękawem w kolorze oliwkowym, z kolekcjiHeritage. Z przodu duży nadruk motywu T1. Na karku kolorowa tasiemka, z brzegu prawego rękawa ozdobna metka pętelkowa. Wykonany w100% z bawełny organicznej.|T-shirt dostępnyw rozmiarach: S – 2XL|Uwaga:|prać w 30°C|prać i prasować na lewej stronie (nie prasować po nadruku)|nie suszyć w suszarce bębnowej|nie prać chemicznie|nie wybielać"
7E9084200AD5E,"T-shirt męski VW T2, niebieski","https://vwdostawcze-sklep.pl/katalog/1/t-shirt-meski-vw-t244-niebieski,208480.html",129.00 PLN,PL:::15.00 PLN,https://vwdostawcze-sklep.pl/web/uploaded_images/gallery/1624958864_2efe34a5cc1ce04aef7ed1a85b80ffab.jpeg,in stock,VW,New,,,in_stock,,"Męski t-shirt z krótkim rękawemw kolorze niebieskim, z kolekcjiHeritage. Z przodu duży nadruk motywu T2 przed ogniskiem. Na karku kolorowa tasiemka, z brzegu prawego rękawa ozdobna metka pętelkowa. Wykonany w100% z bawełny organicznej.|T-shirt dostępnyw rozmiarach: S – 2XL|Uwaga:|prać w 30°C|prać i prasować na lewej stronie (nie prasować po nadruku)|nie suszyć w suszarce bębnowej|nie prać chemicznie|nie wybielać"
7E9084050AD5E,Kurtka męska VW T1 softshell,"https://vwdostawcze-sklep.pl/katalog/1/kurtka-meska-vw-t1-softshell,208475.html",319.00 PLN,PL:::15.00 PLN,https://vwdostawcze-sklep.pl/web/uploaded_images/gallery/1624957878_ce67168002c4f259f42826e5e57f7e9c.jpeg,in stock,VW,New,,,in_stock,,"Męska kurtkaprzeciwdeszczowa z kapturemw kolorze granatowym, z kolekcjiHeritage. Szerokość kaptura regulowana przy pomocy gumki i sznurków. Kieszenie zapinane na zamek błyskawiczny.Mankiety z gumką i podszewka z siateczki w kontrastowym kolorze. Na kieszeni przy lewej piersi nadruk“Time to get out”.Z tyłu duży nadrukowany motyw T1 oraz pętelka do zawieszania kurtki.|Do produktu dołączona jest mała torba materiałowa ułatwiająca przechowywanie i transport kurtki.|Kurtka dostępna w rozmiarach: S – 2XL|Uwaga:|prać w30°C|prać i prasować na lewej stronie (nie prasować po nadruku)|nie suszyć w suszarce bębnowej|nie prać chemicznie|nie wybielać|nie używaćzmiękczacza do tkanin"
7E9084132AWN3,"Bluza męska VW T1, dł. rękaw","https://vwdostawcze-sklep.pl/katalog/1/bluza-meska-vw-t144-dl46-rekaw,208470.html",169.00 PLN,PL:::15.00 PLN,https://vwdostawcze-sklep.pl/web/uploaded_images/gallery/1624957219_3fd94e910479dc9c86f41816602c3063.jpeg,in stock,VW,New,,,in_stock,,"Męska bluza z długim rękawem w kolorzeoliwkowym,z kolekcjiHeritage. Zapięcie na trzy guziki imitujące klakson. Na brzegu bluzy ozdobna metka pętelkowa, przy karku kolorowa tasiemka.Zprzodu duży nadruk z motywem T1. Wykonana z bawełny organicznej,zapewnia przyjemny komfort noszenia.|Bluza dostępna w rozmiarach: S – 2XL|Uwaga:|prać w30°C|prać i prasować na lewej stronie (nie prasować ponadruku)|nie suszyć w suszarce bębnowej|nie prać chemicznie|nie wybielać"
7E9084331A645,"Szalik/apaszka T1, kolekcja Heritage","https://vwdostawcze-sklep.pl/katalog/1/szalik47apaszka-t144-kolekcja-heritage,208457.html",59.00 PLN,PL:::15.00 PLN,https://vwdostawcze-sklep.pl/web/uploaded_images/gallery/1624622535_708d6c213b3509f284208cf443ae64ea.jpeg,in stock,VW,New,,,in_stock,,"Bordowy szalik/apaszka z dużym motywem T1 ""Time to get out"" w kolorze białym. Wykonany w 100% z bawełny organicznej.|Wymiary:|Długość: 50cm|Szerokość: 50 cm|Uwaga:|prać w30°C|prać z podobnymi kolorami|nie chlorować|nie wybielać|prasować w średniej temperaturze|można suszyć w suszarce"
7E9084300A,"Czapka VW, kolekcja Heritage","https://vwdostawcze-sklep.pl/katalog/1/czapka-vw44-kolekcja-heritage,208464.html",79.00 PLN,PL:::15.00 PLN,https://vwdostawcze-sklep.pl/web/uploaded_images/gallery/1624867399_8ae65d0324561dfdbdbf6c889e6a1bdc.jpeg,in stock,VW,New,,,in_stock,,"Bawełniana czapka bejsbolówka w kolorze oliwkowowym ze szczotkowanego materiału, z kolekcjiHeritage. Spód daszka w kolorze niebieskim, wnętrze w kontrastowym kolorze.Z przodu wyhaftowana róża wiatrów, z tyłu wyhaftowany historyczny napis ""Volkswagen"".|Płeć: Unisex|Uwaga:|prać ręcznie|nie chlorować|nie suszyć w suszarce|nie prasować|nie prać chemicznie"
7E0084300B,"Czapka z daszkiem VW T1, żółta","https://vwdostawcze-sklep.pl/katalog/1/czapka-z-daszkiem-t1-zolta,208064.html",75.00 PLN,PL:::15.00 PLN,https://vwdostawcze-sklep.pl/web/uploaded_images/gallery/2010982-69czapkazolta.png,in stock,VW,New,,,in_stock,,"Sportowa czapka w kolorze żółtym z motywem legendarnego modelu T1 Bulli. Rozmiar może być dowolnie regulowany dzięki paskowi z tyłu czapki i klipowi z motywem VW. Wygodę i przewiewność zapewniają czapce kontrastująca, bawełniana podszewka, wewnętrzna opaska i 4 otwory wentylacyjne."
7E9069644,"Podstawka do jajek VW T1, niebieska","https://vwdostawcze-sklep.pl/katalog/1/podstawka-do-jajek-vw-t144-niebieska,208558.html",99.00 PLN,PL:::15.00 PLN,https://vwdostawcze-sklep.pl/web/uploaded_images/gallery/1649918475_69865770e6da9c59af57711ff6237eab.jpeg,in stock,VW,New,,,in_stock,,"Ceramiczna podstawkana jajka w kształcie VW T1, malowana w styluhipisowskim. Bagażnik dachowypełni funkcję solniczki.|Wymiary: dł. 13 cm x wys. 6,5 cm"
7E9099320,Lego Creator VW T2 Campervan,"https://vwdostawcze-sklep.pl/katalog/1/lego-creator-vw-t2-campervan,208551.html",829.00 PLN,PL:::15.00 PLN,https://vwdostawcze-sklep.pl/web/uploaded_images/gallery/1644853691_c7d56bfc866ef8ad8493c5e730cd9f9a.jpeg,in stock,VW,New,,,in_stock,,"Składany modelzserii LEGO Creatorw kształcie VW T2 Campervan, w kolorze jasnoniebieskim i białym. Model składa się z 2207 części, w tym m.in. dużej przedniej szyby, drzwi przesuwnych, otwieranej maski odsłaniającej silnik czy działającegoukładukierowniczego. Wnętrze wyposażone jest w kuchnię kempingową z kuchenką gazową, zlewozmywakiem, lodówką oraz składanym stołem i łóżkiem. Przeznaczonydla osób powyżej 18 roku życia.|Wymiary:|długość - 35 cm|szerokość - 14cm|wysokość - 15 cm"
1H2087703,Termometr z motywem VW T1,"https://vwdostawcze-sklep.pl/katalog/1/termometr-z-motywem-vw-t1,208529.html",59.00 PLN,PL:::15.00 PLN,https://vwdostawcze-sklep.pl/web/uploaded_images/gallery/1638447640_54cb9f9903d7160eaac6400df8024c9f.jpeg,in stock,VW,New,,,in_stock,,"Metalowy termometr z motywem VW T1, do powieszenia na ścianie. Przedziałka prezentuje temperaturę w stopniach Celsjusza i Fahrenheitach.|Wymiary [cm]: szer. 6,5x 28 cm"
7E9069621,"Śpiwór VW T1, kolekcja Heritage","https://vwdostawcze-sklep.pl/katalog/1/spiwor-vw-t144-kolekcja-heritage,208527.html",259.00 PLN,PL:::15.00 PLN,https://vwdostawcze-sklep.pl/web/uploaded_images/gallery/1638442988_d969a8e1f2f696cba6626306f8367e25.jpeg,in stock,VW,New,,,in_stock,,"Niebieski śpiwór z dużym nadrukiem motywuVW T1 na zewnątrz, z kolekcji Heritage. Lekki, wykonany z przyjemnego w dotyku miękkiegomateriału. Wnętrze śpiwora w kontrastowym kolorze khaki. Zamek błyskawiczny pozwala na pełne rozpięcie śpiwora, dzięki czemu może on służyć także jako koc o wymiarach 220 x 160 [cm].Dwa śpiwory można połączyćtworząc w ten sposób śpiwór podwójny. Do śpiwora dołączony jest pasujący worek kompresyjny.|Wymiary: dł. 220 cm x 80 cm|Materiał: 100% mikropoliester; podszewka - 100% poliester; wypełnienie - kołdra poliestrowa|Uwaga:|prać w 30°C|nie prasować|nie prać chemicznie|nie wybielać"
255099302645,"Model samochodu T3 Multivan, skala 1:18","https://vwdostawcze-sklep.pl/katalog/1/model-samochodu-t3-multivan44-skala-15818,208513.html",399.00 PLN,PL:::15.00 PLN,https://vwdostawcze-sklep.pl/web/uploaded_images/gallery/1635855453_b4ee6fc339c2c32b15a928cb09b84f5a.jpeg,in stock,VW,New,,,in_stock,,"Model samochodu T3 Multivan w kolorze czerwonym, w wyjątkowej skali1:18. Model przedstawia Multivana z roku produkcji 1985."
7E9065403,Wkłady chłodzące w kształcie VW T1,"https://vwdostawcze-sklep.pl/katalog/1/wklady-chlodzace-w-ksztalcie-vw-t1,208530.html",55.00 PLN,PL:::15.00 PLN,https://vwdostawcze-sklep.pl/web/uploaded_images/gallery/1638448088_c48a1729ca47a3c8ed4d40dfb5163539.jpeg,in stock,VW,New,,,in_stock,,"Wkłady chłodzące w kształcie autobusu VW T1 w kolorze jasnoniebieskim, z kolekcji Heritage. Wkłady są wielokrotnego użytku, zapewniają chłodzenie nawet do 12 godzin. Zestaw składa się zdwóchwkładówchłodzących.|Wymiary: dł. 17 cm x szer. 2 cm x wys. 8,2 cm|Uwaga! Trzymać z dala od dzieci."
7E9061104,Składany pojemnik VW T1 do bagażnika,"https://vwdostawcze-sklep.pl/katalog/1/skladany-pojemnik-vw-t1-do-bagaznika,208528.html",206.00 PLN,PL:::15.00 PLN,https://vwdostawcze-sklep.pl/web/uploaded_images/gallery/1638446738_cab58a722c2d5ac181495da6a2e7b24b.jpeg,out of stock,VW,New,,,out_of_stock,,"Składany pojemnik do bagażnika z motywem VW T1 w kolorze oliwkowym, z kolekcji Heritage. Pojemnik jestwodoodporny, łatwy w użyciu i utrzymaniu - materiał cechuje się odpornością na rozdarcia i zabrudzenia. Dzięki opcji składania pojemnik można wykorzystywać jako smukłą torbę lub duże solidne pudełko. Pojemnik jest lekki, uniesie nawet do 30 kg.|Cechy charakterystyczne:|Pojemność:30l|Wymiary maksymalne(po rozłożeniu):dł. 50cm x szer. 31 cmx wys. 27,5 cm|Materiał: 100% poliester"
7E9069642A,"Rękawice kuchenne, kolekcja Heritage","https://vwdostawcze-sklep.pl/katalog/1/rekawice-kuchenne44-kolekcja-heritage,208467.html",140.00 PLN,PL:::15.00 PLN,https://vwdostawcze-sklep.pl/web/uploaded_images/gallery/1624876889_8f56eb277ab51e3f26137f67c017817d.jpeg,out of stock,VW,New,,,out_of_stock,,"Czerwone rękawice kuchennewykonane z wytrzymałego materiału bawełnianego,z kolekcji Heritage. Wnętrze podszyte miękką bawełnianą dzianiną, wypełnienie z waty poliestrowej. Na prawej rękawicy haft z motywem kompasu Heritage.Odpowiednie do gotowania i pieczenia. Odporne na temperaturę do co najmniej210°C.|Wymiary:|Długość: 30 cm|Szerokość: 18 cm|Wysokość: 30 cm|Uwaga:|prać w30°C|prać z podobnymi kolorami|nie suszyć w suszarce|nie prasować|nie prać chemicznie|nie wybielać"
7E9069649,"Puszka z motywem T2, kolekcja Heritage","https://vwdostawcze-sklep.pl/katalog/1/puszka-z-motywem-t244-kolekcja-heritage,208466.html",69.00 PLN,PL:::15.00 PLN,https://vwdostawcze-sklep.pl/web/uploaded_images/gallery/1624874779_b076571561d37d90cefb6af37eb23401.jpeg,in stock,VW,New,,,in_stock,,"Blaszana puszkaz motywami T2 „The Great NORTH RIDE” w kolorze zielonym:|jeden motyw przedstawia T2 z otwartym dachem kempingowym i ogniskiem na pierwszymplanie, w dzień polarnyprzy gwiaździstym niebie|drugi motyw przedstawia siedzących na dachu obozowiczów obserwujących zorzę polarną|boczna ściana puszki przedstawia trasę Oslo–Przylądek Północy lub Helsinki–Przylądek Północy|Wymiary:|Głębokość [cm]: 10,1|Szerokość [cm]: 14,3|Wysokość [cm]: 19,7"
7E9087319,"Torba na ramię VW T1, kolekcja Heritage","https://vwdostawcze-sklep.pl/katalog/1/torba-na-ramie-vw-t144-kolekcja-heritage,208465.html",199.00 PLN,PL:::15.00 PLN,https://vwdostawcze-sklep.pl/web/uploaded_images/gallery/1624868217_89888cb19611c8bb8387217cf7b90aaa.jpeg,in stock,VW,New,,,in_stock,,"Praktyczna torba ""listonoszka"" na ramię wykonana z materiału poliestrowego z recyklingu wkolorze ciemnego khaki, zkolekcjiHeritage. Torbę można nosić również przez ramię na skos. Pasek na ramię można regulować, mocowanie do torby przy pomocy metalowych kółek. Główna komora i przednia kieszeńz organizerem. Z przodu metalowy emblemat z grawerem ""T1 Camper Van"".|Wymiary:|Szerokość: 18 cm|Wysokość: 20 cm|Głębokość: 8 cm|Pojemność: 2l.|Ładowność: 10 kg|Uwaga: Wycierać tylko wilgotną ściereczką."
7E908770918R,"Skarbonka VW T1, niebieska","https://vwdostawcze-sklep.pl/katalog/1/skarbonka-vw-t144-niebieska,208463.html",95.00 PLN,PL:::15.00 PLN,https://vwdostawcze-sklep.pl/web/uploaded_images/gallery/1624867103_c8b47ce1a89e9fa5fa0f600cdc551890.jpeg,in stock,VW,New,,,in_stock,,"Ręcznie wykonana ceramiczna skarbonka w kształcie VW Camper Van, zkolekcjiHeritage. Posiada hipisowskie wzornictwo na jasnoniebieskim tle. Na spodzie znajduje się zatyczka do otwierania skarbonki.|Wymiary:|Długość: 22 cm|Wysokość: 9,5 cm"
7E9069602,"Deska do chleba z nożem, kolekcja Heritage","https://vwdostawcze-sklep.pl/katalog/1/deska-do-chleba-z-nozem44-kolekcja-heritage,208462.html",124.00 PLN,PL:::15.00 PLN,https://vwdostawcze-sklep.pl/web/uploaded_images/gallery/1624866515_bcace9d34919adce87e6508999a45b81.jpeg,in stock,VW,New,,,in_stock,,"Składana drewniana (bambusowa) deska do krojenia z nożem wykonanym ze stali nierdzewnej z drewnianą rączką, z kolekcji Heritage. Na rękojeści noża i desce logo Heritage. Nóż ma 32 cm długości i posiada ząbkowaną krawędź.|Wymiary deski:|Długość [cm]: 38|Szerokość [cm]: 25|Wysokość [mm]: 25"
7E9069607,Zestaw akcesoriów do grilla,"https://vwdostawcze-sklep.pl/katalog/1/zestaw-akcesoriow-do-grilla,208461.html",109.00 PLN,PL:::15.00 PLN,https://vwdostawcze-sklep.pl/web/uploaded_images/gallery/1624866348_15fa4bdb3700571ed86712ecdd2682a9.jpeg,in stock,VW,New,,,in_stock,,"Zestaw 3 akcesoriów do grilla (łopatka, widelec do mięsa i szczypce) wykonany z polerowanej stali nierdzewnej, z drewnianymi uchwytami z wytłoczeniami, zkolekcjiHeritage. Łopatka do grilla posiada krawędź tnącą i funkcję otwieracza do butelek.|Wymiary:|Łopatka do grilla: ok. 40cm|Widelec do mięsa: ok. 37cm|Szczypce do grilla: ok. 37 cm"
7E9087511,"Pluszak T1, czerwony","https://vwdostawcze-sklep.pl/katalog/1/pluszak-t144-czerwony,208460.html",129.00 PLN,PL:::15.00 PLN,https://vwdostawcze-sklep.pl/web/uploaded_images/gallery/1624630730_9d30afa4b8c9514f05ee034e6d1d2d39.jpeg,in stock,VW,New,,,in_stock,,"Pluszowy autobus T1 w kolorzebeżowo-bordowym, z kolekcjiHeritage. Wykonany z miękkiego pluszu velboa. Może służyć jako poduszka lub rolka pod szyję.|Wymiary:|Długość: 29 cm|Szerokość: 14 cm|Wysokość: 17 cm|Uwaga:|można praćw 30°C|prać osobno, przy użyciułagodnego detergentu|nie suszyć w suszarce|nie prasować|nie prać chemicznie|nie wybielać|nie używać płynu do zmiękczania tkanin"
7E9069635,Leżak VW T1 dla dorosłych,"https://vwdostawcze-sklep.pl/katalog/1/lezak-vw-t1-dla-doroslych,208439.html",269.00 PLN,PL:::15.00 PLN,https://vwdostawcze-sklep.pl/web/uploaded_images/gallery/1618931007_b4a4cfc420d290e2c9c5652c615d15e5.jpeg,in stock,VW,New,,,in_stock,,"Stylowy i solidny leżak dla dorosłych z motywem kultowego Volkswagena T1. Stelażregulowany w 3 pozycjach siedzenia, wykonany jest z drewna bukowego bez glazury. Wymienna pokrywa z nadrukiem z przodu i białym tyłem.|Wymiary: 1400x580x28 mm|Waga leżaka: 3,4 kg|Udźwig do 100 kg"
7E9069635A,Leżak VW T1 dla dzieci,"https://vwdostawcze-sklep.pl/katalog/1/lezak-vw-t1-dla-dzieci,208438.html",169.00 PLN,PL:::15.00 PLN,https://vwdostawcze-sklep.pl/web/uploaded_images/gallery/1618930555_c34c668f7534a83bd93e4faf50c8083d.jpeg,in stock,VW,New,,,in_stock,,"Stylowy i solidny leżak dla dzieci z motywem kultowego Volkswagena T1. Stelażregulowany w 3 pozycjach siedzenia, wykonany jest z drewna bukowego bez glazury. Wymienna pokrywa z nadrukiem z przodu i białym tyłem.|Wymiary: 1300x500x28 mm|Waga leżaka: 2,65kg|Udźwig do 40 kg"
7E9084509,"Koc piknikowy VW T1, kolekcja Heritage","https://vwdostawcze-sklep.pl/katalog/1/koc-piknikowy-vw-t144-kolekcja-heritage,208459.html",139.00 PLN,PL:::15.00 PLN,https://vwdostawcze-sklep.pl/web/uploaded_images/gallery/1624623706_343133eaca222c4490ef2a7c3266ff69.jpeg,in stock,VW,New,,,in_stock,,"Koc piknikowy T1 z wodoodpornym spodem, zkolekcjiHeritage. Koc w kolorzew niebieskim, puszysty i lekki. Zawiera uchwyt do przenoszenia, dzięki któremu po zwinięciu można wygodnie go przenosić. Na górze koca duży nadruk motywu T1.|Wymiary:|Długość [cm]: 200|Szerokość [cm]: 160|Wysokość [mm]: 2|Uwaga:|prać ręcznie|nie suszyć w suszarce|nie prasować|nie prać chemicznie|nie wybielać"
7E9084500,Ręcznik kąpielowy VW T1,"https://vwdostawcze-sklep.pl/katalog/1/recznik-kapielowy-vw-t1,208458.html",149.00 PLN,PL:::15.00 PLN,https://vwdostawcze-sklep.pl/web/uploaded_images/gallery/1624623080_15e6aa84a92e8e6f633ab618be1819c8.jpeg,out of stock,VW,New,,,out_of_stock,,"Ręcznik plażowy z motywem VW T1 z jednowarstwowej tkaniny frotte w kolorze niebieskim, z kolekcji Heritage.Posiada standard ""Oeko-Tex Standard 100"".|Wymiary:|Długość: 180cm|Szerokość: 100 cm|Gramatura: 450 g/m²|Uwaga:|można prać w 60°C|nie czyścić chemicznie|nie wybielać|można suszyć w suszarce|prasować w niskiej temperaturze"
7E9087300,"Torba podróżna T1, kolekcja Heritage","https://vwdostawcze-sklep.pl/katalog/1/torba-podrozna-t144-kolekcja-heritage,208456.html",319.00 PLN,PL:::15.00 PLN,https://vwdostawcze-sklep.pl/web/uploaded_images/gallery/1624621962_4e32d2ab724aad13cf8524c404e5195f.jpeg,in stock,VW,New,,,in_stock,,"Torba podróżna z logo “T1 Camper Van” wykonana z poliestru pochodzącego z recyklingu w kolorze ciemnooliwkowym, z kolekcjiHeritage. Ramiączka zapisane na dwa zatrzaski, co umożliwia wygodne przenoszenie. Dodatkowo odpisany pasek na ramię z możliwością regulacji długości, na metalowych karabińczykach. Na zewnątrz kieszeń na zamek błyskawiczny. Wewnątrz znajdują się dwie przegrody i wyściełana przegroda dla bezpiecznego przechowywania laptopa lub tabletu. Wszystkie zatrzaski torby posiadająlogo Volkswagena.|Wymiary:|Głębokość: 20cm|Szerokość: 50cm|Wysokość: 32cm|Pojemność: 38 l.|Ładowność: 30 kg|Uwaga: Wycierać tylko wilgotną ściereczką."
7E9087317A,"Kosmetyczka T1, kolekcja Heritage","https://vwdostawcze-sklep.pl/katalog/1/kosmetyczka-t144-kolekcja-heritage,208455.html",145.00 PLN,PL:::15.00 PLN,https://vwdostawcze-sklep.pl/web/uploaded_images/gallery/1624618274_e20aecfadf7eb4b05fad00caf0be6084.jpg,in stock,VW,New,,,in_stock,,"Oliwkowa kosmetyczka T1 wykonana z materiału pochodzącego z recyklingu w kolorze ciemnego khaki,z kolekcjiHeritage. Praktyczna, łatwado zwinięcia i zawieszenia. Wnętrze w dwóch kontrastujących odcieniach niebieskiego. Kosmetyczka jest zamykana paskiem z plastikową klamrą zatrzaskową i ma metalowy klips do zawieszenia.Wewnątrz znajdują siędwie zapinane na zamek przegrody wykonane z siateczki (co ułatwia schnięcie wilgotnych rzeczy).Dodatkowo kosmetyczka ma komorę z dołączoną kieszenią, również zamykaną na suwak.Na zewnątrz znajduje się czarny nadruk „T1 Camper Van”, a wewnątrz znak Heritage w kolorze jasnoniebieskim.|Wymiary:|Długość: 32cm|Szerokość: 19cm|Wysokość: 5cm|Uwaga: Wycierać tylko wilgotną ściereczką."
7E9069691,Poduszka na siedzisko VW T1,"https://vwdostawcze-sklep.pl/katalog/1/poduszka-na-siedzisko-vw-t1,208454.html",89.00 PLN,PL:::15.00 PLN,https://vwdostawcze-sklep.pl/web/uploaded_images/gallery/1624617744_ead20efd3a78115f0904bedabc89b958.jpeg,in stock,VW,New,,,in_stock,,"Wodoodporna niebiesko-biała poduszka z kolekcji Heritage, wykonana z poliestru:|solidna, hydrofobowa poduszka ""siedzisko"" lub jakooparcie|zewnętrzny pokrowiec z nadrukiem motywu T1 ""Time to get out""na całej powierzchni|do stosowania na wszystkich rodzajach mebli do siedzenia lub na podłodze|dzięki połączeniu 2 poduszek (siedziska i oparcia) można uzyskać wygodną pozycję siedzącą|pasek do noszenia ułatwiający przenoszenie poduszki|odpornąna wodę i zabrudzenia powierzchnię można łatwo wyczyścić wilgotną szmatką|zamek błyskawiczny umożliwia wyjęcie wewnętrznej poduszki z pokrowca, dzięki czemu można ją wyprać w pralce|posiada schowany zamek błyskawiczny, dzięki czemu nieprzeszkadza on podczas siedzenia|Wymiary:|Długość: 50cm|Szerokość: 50 cm|Wysokość: 8,5 cm|Uwaga:|nie suszyć w suszarce|nie prasować|nie prać chemicznie|nie wybielać|można prać w30°C"
7E9069601,Zestaw dwóch kubków emaliowanych T1/Beetle,"https://vwdostawcze-sklep.pl/katalog/1/zestaw-dwoch-kubkow-emaliowanych-t147beetle,208452.html",99.00 PLN,PL:::15.00 PLN,https://vwdostawcze-sklep.pl/web/uploaded_images/gallery/1624614010_d2e233df5d8bf4bc39d8ac4321e03966.jpeg,out of stock,VW,New,,,out_of_stock,,"Emaliowany zestaw dwóch kubków w kolorach niebieskim i żółtym, z motywami Beetle i T1.Solidnie wykonany i lekki, dzięki czemu idealnie nadaje się na wyprawy kempingowe.|Pojemność: 250 ml"
1H2087317,Torba plażowa VW T1,"https://vwdostawcze-sklep.pl/katalog/1/torba-plazowa-vw-t1,208451.html",119.00 PLN,PL:::15.00 PLN,https://vwdostawcze-sklep.pl/web/uploaded_images/gallery/1624609979_1b27f7ecb5ea11ec5ba6a6e9ce2499bb.jpg,in stock,VW,New,,,in_stock,,"Stylowa torba z motywem T1,idealna na dzień na plaży lub na zakupy. Torba zgrubymi sznurkami do noszenia na ramieniu. Po obu stronach torby umieszczony jest motyw VW T1 zróżnych perspektyw.Wewnątrz torba jest wyposażona w przegrodęna ważne przedmioty,zapinanąna zamek. Wykonana z poliestru (60%) i bawełny (40%).|Wymiary:|Długość: 56cm|Szerokość: 42cm|Wysokość: 13cm"
7E9069604,"Butelka do napojów T1, poj. 0,5 l., metalowa","https://vwdostawcze-sklep.pl/katalog/1/butelka-do-napojow-t144-poj46-0445-l4644-metalowa,208447.html",82.00 PLN,PL:::15.00 PLN,https://vwdostawcze-sklep.pl/web/uploaded_images/gallery/1622634853_68ffb82b22c7cf090dab305e0bec4924.jpg,out of stock,VW,New,,,out_of_stock,,"Butelka ze stali nierdzewnej, zkolekcjiHeritage, z motywem VWT1. Wyposażona w bambusową pokrywęz logo Volkswagena, silikonową uszczelkęi uchwytdo przenoszenia.|Pojemność: 0,5 litra"
7E9087600,"Parasol T1, kolekcja Heritage","https://vwdostawcze-sklep.pl/katalog/1/parasol-t144-kolekcja-heritage,208446.html",119.00 PLN,PL:::15.00 PLN,https://vwdostawcze-sklep.pl/web/uploaded_images/gallery/1622634299_a8601889d7bdac31e4cdc1818ea03337.jpg,in stock,VW,New,,,in_stock,,"Parasol T1 wykonany ze stali i włókna szklanego, z kolekcjiHeritage.Parasol z drewnianym, okrągłych uchwytem iautomatycznym mechanizmem otwierania, z niebieskim nadrukiem z motywem T1 i trzema różnymi hasłami.|Doskonale chroni przed deszczem i wiatrem. Szkielet parasola wykonany jest z czarnegowłókna szklanego, a końcówki szprych są w kolorze jasnoniebieskim.|Wymiary:|Długość [mm]: 870|Średnica[cm]: 105"
7E9069642,"Grill przenośny z motywem VW T2, kolekcja Heritage","https://vwdostawcze-sklep.pl/katalog/1/grill-przenosny-z-motywem-vw-t244-kolekcja-heritage,208445.html",359.00 PLN,PL:::15.00 PLN,https://vwdostawcze-sklep.pl/web/uploaded_images/gallery/1621590647_0548dc856028edf691e8bff084c795f8.jpg,in stock,VW,New,,,in_stock,,"Ciemnoczerwonyprzenośny grill, możliwy do zmontowania wkilka sekund. Grill z wyjmowaną tacą na węgiel drzewny i motywem kampera T2 na boku. Możliwość złożenia znacznie ułatwia transport.|Wymiary:|Długość: 260 mm|Szerokość: 300 mm|Wysokość: 85 mm"
7E9069604A,"Termos T1 z łyżeczką, poj. 0,45 l., metalowy","https://vwdostawcze-sklep.pl/katalog/1/termos-t1-z-lyzeczka44-poj46-04445-l4644-metalowy,208444.html",119.00 PLN,PL:::15.00 PLN,https://vwdostawcze-sklep.pl/web/uploaded_images/gallery/1621590364_c51631e99ebdc1cc518e97af2473e7bc.jpg,in stock,VW,New,,,in_stock,,"Termos ze stali nierdzewnej do gorących potraw / napojów.Utrzymuje żywność i napoje zimne do 16 godzin i ciepłe przez 9 godzin. Termos zzaworem ciśnieniowym ułatwiającym otwieranie, w 100% szczelny. Produkt bezpiecznydla żywności, bez smaku, bez BPA.|Z kolekcjiTime to get out.|Wyposażony w składaną łyżkę.|Pojemność: 450 ml"
1H2087010A,"Brelok VW T1 z otwieraczem, różne kolory","https://vwdostawcze-sklep.pl/katalog/1/brelok-vw-t1-z-otwieraczem44-rozne-kolory,208443.html",49.00 PLN,PL:::15.00 PLN,https://vwdostawcze-sklep.pl/web/uploaded_images/gallery/1621589859_19a42cc3e996f91fa687f3b6c35aacc6.jpg,in stock,VW,New,,,in_stock,,"Brelok do kluczy połączony z otwieraczem do butelek, w kształcie frontu VWT1. Dostępny w 3 kolorach:czerwonym, niebieskim, miętowym. Kolor wysyłany losowo.|Wymiary:|Grubość: 3 mm|Szerokość:39 mm|Wysokość:54 mm"
1H2069601,"Kubek VW T2, emalia, 0,5 l","https://vwdostawcze-sklep.pl/katalog/1/kubek-vw-t244-emalia44-0445-l,208442.html",55.00 PLN,PL:::15.00 PLN,https://vwdostawcze-sklep.pl/web/uploaded_images/gallery/1621589338_3220442a9d1124525968f0e7c9590ab1.jpg,in stock,VW,New,,,in_stock,,"Kubek emaliowany z motywem VW T2. Jest lekki, wytrzymały i odporny na warunki atmosferyczne. Brzeg kubka podkreślony czarnym wykończeniem.|Pojemność: 500 ml"
1H2099303A,"Modelik T1 Furgon, Ersatzteile, Skala 1:24","https://vwdostawcze-sklep.pl/katalog/1/modelik-t1-furgon44-ersatzteile44-skala-15824,208440.html",109.00 PLN,PL:::15.00 PLN,https://vwdostawcze-sklep.pl/web/uploaded_images/gallery/1620886153_f51f7203a39ae360c14ab9082c33ea4e.jpeg,in stock,VW,New,,,in_stock,,"Wiernie odwzorowany model samochodu T1 z ruchomymi kołami. W kolorze niebieskim.|Ważne: małe części, które mogą zostać połknięte! Nie nadaje się dla dzieci poniżej 36 miesięcy."
7E9087511A,Zestaw Playmobile VW T1 Campervan,"https://vwdostawcze-sklep.pl/katalog/1/zestaw-playmobile-vw-t1-campervan,208387.html",239.00 PLN,PL:::15.00 PLN,https://vwdostawcze-sklep.pl/web/uploaded_images/gallery/1608724861_16e7c3aa6f6b3dca93aa18b9964300c9.jpg,in stock,VW,New,,,in_stock,,"Pakujemy T1 i ruszamy w drogę!|Zestaw Playmobile VW T1 Campervan dla dzieci od lat 5. Zestaw umożliwia zbudowanie kultowego VW T1 z charakterystyczną przednią częścią w kształcie litery V z białymi i czerwonymi elementami, czerwonym logo VW, zaokrąglonym dachem, dzieloną przednią szybą i zdejmowanym bagażnikiem dachowym. Zaletą zestawu jest autentycznie zaprojektowane wnętrze ze składanym stołem z dwoma siedzeniami oraz zlewozmywakiem i lodówką. Siedzenia w charakterystyczną dla lat 60. kratę można przekształcić w sypialnię dla dwóch osób.|Zestaw zawiera 74 części - dwie figurki PLAYMOBILE, VW T1 ze zdejmowanym dachem i walizkami, precyzyjnie wykonane wnętrze ze składaną tylną kanapą, otwieranymi bocznymi drzwiami z lustrem i miejscem na jedzenie oraz wiele innych uroczych akcesoriów tematycznych.|Wymiary:|Długość: 385 mm|Szerokość:284 mm|Wysokość:94 mm"
7E9087318,Sportowy worek VW Camper Van,"https://vwdostawcze-sklep.pl/katalog/1/sportowy-worek-vw-camper-van,208386.html",39.00 PLN,PL:::15.00 PLN,https://vwdostawcze-sklep.pl/web/uploaded_images/gallery/1615558590_6b46218528bf7347444cbf442ab6613b.7E9087318,in stock,VW,New,,,in_stock,,"Jasnoniebieski worek sportowy z kolekcji ""Time to get out"", z motywem Camper Van. Klasyczna torba sportowa wykonanaw 100% z bawełny. Efektowna i praktyczna, zamykana za pomocą dwóch czarnych bawełnianych sznurków.|Wymiary:|Długość: 350 mm|Szerokość: 450 mm"
1H2087600,Parasol VW ,"https://vwdostawcze-sklep.pl/katalog/1/parasol-vw-34the-originals34,208385.html",99.00 PLN,PL:::15.00 PLN,https://vwdostawcze-sklep.pl/web/uploaded_images/gallery/1610375438_c7cc1a8d33489de4247a66458dff5a26.jpeg,in stock,VW,New,,,in_stock,,"Oryginalny, odwrócony parasol dwuwarstwowy z nadrukowanym wzorem T1 od wewnątrz, czarny na zewnątrz (po otwarciu). Parasol jest wyposażony w automatyczny mechanizm otwierania, ma zagiętą rączkę, stalowy trzpień i ramęz włókna szklanego w kolorze czarnym. Parasol składany do wewnątrz jest praktyczny i wygodny w użyciu - po złożeniu stoi bez podparcia i łatwo go złożyć np. przy wsiadaniu do samochodu.|Wymiary złożonego parasola:|Długość: 820 mm|Szerokość: 120 mm|Wysokość: 60 mm|Limitowana kolekcja „The Originals"", do wyczerpania zapasów."
1H2050810,Zegar ścienny VW T1 - Time to get out,"https://vwdostawcze-sklep.pl/katalog/1/zegar-scienny-vw-t1-time-to-get-out,208383.html",115.00 PLN,PL:::15.00 PLN,https://vwdostawcze-sklep.pl/web/uploaded_images/gallery/1608724570_e1f346fe2b3065d4e8823e831f671791.jpg,in stock,VW,New,,,in_stock,,"Zegar ścienny ozdobiony wzorem modelu T1 z górami w tle i hasłem ""Time to get out”. Zegarz prostą, metalową ramką i szklaną osłoną. Zegar oparty jest o mechanizm kwarcowy, jest dostarczanybez baterii.|Średnica: 300 mm"
211099303AA11,"Modelik VW T1 Pickup z plandeką, skala 1:24","https://vwdostawcze-sklep.pl/katalog/1/modelik-vw-t1-pickup-z-plandeka44-skala-15824,208336.html",109.00 PLN,PL:::15.00 PLN,https://vwdostawcze-sklep.pl/web/uploaded_images/gallery/1589789822_f4ca5c3528bc968c38ecd5742aff3b09.jpeg,in stock,VW,New,,,in_stock,,"Model auta T1 (typ2) w wersji pick-up z plandeką na części ładunkowej. Z przodu na dachu samochodu zamontowany bagażnik z walizkami. Samochód posiada ruchome kółka.|Numer rejestracyjny: WOB-VW425|Małe części! Nie dla dzieci poniżej 36 miesiąca.|Wymiary:|długość 17,5 cm,|szerokość: 7,5 cm,|wysokość: 9,5 cm|Edycja kolekcjonerska. Do wyczerpania zapasów."
211099303BL9,"Modelik VW T1 Pickup z przyczepą, skala 1:24","https://vwdostawcze-sklep.pl/katalog/1/modelik-vw-t1-pickup-z-przyczepa44-skala-15824,208337.html",119.00 PLN,PL:::15.00 PLN,https://vwdostawcze-sklep.pl/web/uploaded_images/gallery/1589529199_f8204d3e0ddaeba6edeffcfa2fbee178.jpg,in stock,VW,New,,,in_stock,,"Model auta T1 (typ2) w wersji pick-up z przeczepką kempingową, walizkami w przestrzeni ładunkowej oraz zamontowaną z boku deską surfingową. Samochód posiada ruchome kółka.|Numer rejestracyjny: WOB-VW426|Małe części! Nie dla dzieci poniżej 36 miesiąca.|Edycja kolekcjonerska. Do wyczerpania zapasów."
1H1087300,Torba weekendowa VW T1,"https://vwdostawcze-sklep.pl/katalog/1/torba-weekendowa-t1,208349.html",199.00 PLN,PL:::15.00 PLN,https://vwdostawcze-sklep.pl/web/uploaded_images/gallery/1607074242_e3c5afda65e74119eb8f156a0e0d14db.jpg,in stock,VW,New,,,in_stock,,"Torba z motywem T1 doskonale sprawdzi się nie tylko dla podróżników i uprawiających sport. Zamykana na zamki błyskawiczne z suwakami w kształcie T1. Torba jest praktyczna i wytrzymała - ma wodoodporną wewnętrzną powłokę, boczną kieszeń na mokre rzeczy/buty i odpinany, miękko wyściełany pasek na ramię.|Wymiary:|Głębokość: 25 cm|Szerokość: 50 cm|Wysokość: 26 cm"
1H1087703B,"Butelka do napojów VW T1, poj. 0,7 l","https://vwdostawcze-sklep.pl/katalog/1/butelka-do-napojow-t144-poj46-0447-l,208350.html",89.00 PLN,PL:::15.00 PLN,https://vwdostawcze-sklep.pl/web/uploaded_images/gallery/1607073931_38e81d0a7551b32533acf464fa4ad2ea.jpg,in stock,VW,New,,,in_stock,,"Butelka do napojów o pojemności0,7 l z motywem jasnoniebieskiego frontu Volkswagena T1. Butelka o prostym, praktycznym designie, wykonana ze szkła, nadaje się do napojów gazowanych i może być myta w zmywarce.|Wymiary:|Średnica: 7,5 cm|Wysokość: 26 cm"
1H1061104,Składany pojemnik do bagażnika VW T1,"https://vwdostawcze-sklep.pl/katalog/1/skladany-pojemnik-do-bagaznika-t1,208353.html",129.00 PLN,PL:::15.00 PLN,https://vwdostawcze-sklep.pl/web/uploaded_images/gallery/1607074198_bd42c9a23399d11491592da7a9e28cac.jpeg,in stock,VW,New,,,in_stock,,"Składany pojemnik do bagażnika nawiązujący stylistyką do kultowego Volkswagena T1.Pojemnik jest wytrzymały, wykonany z materiału wodoodpornego, odpornego na rozdarcia i zabrudzenia.|Przeznaczony do przewożenia rzeczy w bagażniku, ale też przenoszenia czy przechowywania, może utrzymać do 30 kg.|Wymiary:|Długość: 50 cm|Szerokość: 27,5 cm|Wysokość: 32 cm"
33D050850A,Naszyjnik z zawieszką VW T1 z kryształkami Swarovskiego (dł. 40 cm),"https://vwdostawcze-sklep.pl/katalog/1/naszyjnik-z-zawieszka-t1-z-krysztalkami-swarovskiego-40dl46-40-cm41,208354.html",149.00 PLN,PL:::15.00 PLN,https://vwdostawcze-sklep.pl/web/uploaded_images/gallery/1607074125_271fc5d0aa9a6f23db0ed6be236effc8.jpeg,in stock,VW,New,,,in_stock,,"Turkusowy naszyjnik z zawieszką T1z kryształkami Swarovskiego. Naszyjnik jest solidnie połączony z zapięciem, na którym znajduje się małe logo marki Volkswagen. Długość łańcuszka jest regulowana(ok. 40 cm). Zawieszka jest wykonana z nierdzewnej stali i ma kształt Volkswagena T1 w kolorze turkusowym. Na zawieszce znajdują się 4 kryształki Swarovskiego (jako reflektory)."
7E9069641,Toster VW T1,"https://vwdostawcze-sklep.pl/katalog/1/toster-t1,208309.html",329.00 PLN,PL:::15.00 PLN,https://vwdostawcze-sklep.pl/web/uploaded_images/gallery/1566907827_fc4a4641206726e292860051dec063af.jpg,in stock,VW,New,,,in_stock,,"Elegancki i stylowy toster ze stali szlachetnej z wytłoczonym logo T1 z przodu i indywidualnie zaprojektowanym, wypiekanym wzorem nawiązującym do stylistyki T1.Dzięki 7 różnym stopniom opiekania oraz systemowi wyśrodkowania kromek chleba zapewnia równomierne opiekanie z obu stron.|Toster posiada wyjmowaną szufladkę na okruchy, antypoślizgowe nóżki i zwijacz kabla.Produkt posiada znak jakości GS.|Toster jest wyposażony w różne przyciski funkcyjne:|przyciski rozmrażania (przycisk Frozen) oraz odgrzewania (przycisk Reheat) z czerwoną lampką kontrolną|przycisk wcześniejszego przerwania procesu opiekania (przycisk Cancel)|automatyczne wyłączenie w przypadku zablokowania się pieczywa|wbudowaną dźwignię do podnoszenia kromek chleba|Wymiary:|Długość: 26 cm|Szerokość: 15,5 cm|Wysokość: 18,5cm"
1H1069649,Lunchbox T1,"https://vwdostawcze-sklep.pl/katalog/1/lunchbox-t1,208319.html",77.00 PLN,PL:::15.00 PLN,https://vwdostawcze-sklep.pl/web/uploaded_images/gallery/1574854852_10e3641424b4f54c3c1044079f3d5b0e.jpg,out of stock,VW,New,,,out_of_stock,,"Metalowy lunchbox w kształcie frontu T1 z nadrukiem. Produkt dostępny tylko w kolorze widocznym na zdjęciu. Jedzenie zapakowane w takie pudełko z pewnością umili każdy posiłek!|Długość: 20cm|Szerokość:19 cm|Wysokość: 11,5cm"
1H1087311,Torba termiczna VW T1,"https://vwdostawcze-sklep.pl/katalog/1/torba-termiczna-vw-t1,208332.html",137.00 PLN,PL:::15.00 PLN,https://vwdostawcze-sklep.pl/web/uploaded_images/gallery/1582892871_14ceb7f05e7b25aad0e257cabe028f95.jpg,out of stock,VW,New,,,out_of_stock,,"Ciepły dzień, a w drodze ochota na coś zimnego? Przewóz produktów potrzebujących schłodzenia zapewni torba termiczna z motywem T1. Torba zamykana jest na zamek błyskawiczny, posiada dużą przestrzeń wewnętrzną. Dzięki przenośnemu paskowi na ramię i małemu uchwytowi na górze umożliwia łatwe przenoszenie.|Wymiary:|Długość: 35 cm|Szerokość: 28 cm|Wysokość: 36 cm|Edycja limitowana. Do wyczerpania zapasów."
1H1087317,"Kosmetyczka VW T1, 'Polizei', zielona","https://vwdostawcze-sklep.pl/katalog/1/kosmetyczka-vw-t144-39polizei3944-zielona,208331.html",79.00 PLN,PL:::15.00 PLN,https://vwdostawcze-sklep.pl/web/uploaded_images/gallery/1582892747_f966fe9799cdd3f9b936a796d4f93fa5.jpg,in stock,VW,New,,,in_stock,,Kosmetyczka T1 z motywem wozu policyjnego. Zamykana na zamek błyskawiczny wewnątrz posiada haczyk do zwieszenia oraz dodatkowe przedziały ułatwiające porządkowanie kosmetyków.|Kosmetyczka wykonana została z neoprenu.|Wymiary:|Szerokość: 30 cm|Wysokość: 14cm|Głębokość: 12cm|Edycja limitowana. Do wyczerpania zapasów.
1H1051708,Etui VW T1 na iPhone XI PRO,"https://vwdostawcze-sklep.pl/katalog/1/etui-vw-t1-na-iphone-xi-pro,208323.html",39.00 PLN,PL:::15.00 PLN,https://vwdostawcze-sklep.pl/web/uploaded_images/gallery/1582890522_6a7ae9ccbe13fe9cd5829bdff8230d59.jpg,in stock,VW,New,,,in_stock,,Etui dla iPhone XI PRO z frontem kultowego T1. Etui wykonane jest z materiału PVC i ma miękką w dotyku powierzchnię.
1H1051708A,Etui VW T1 na Samsunga S10,"https://vwdostawcze-sklep.pl/katalog/1/etui-t1-na-samsunga-s10,208324.html",39.00 PLN,PL:::15.00 PLN,https://vwdostawcze-sklep.pl/web/uploaded_images/gallery/1582890794_fdb49c4448b1990c451e356a3e3826a8.jpg,in stock,VW,New,,,in_stock,,Etui dla Samsunga Galaxy S10 z frontem kultowego T1. Etui wykonane jest z materiału PVC i ma miękką w dotyku powierzchnię.
1H1087703,Brelok do kluczy VW T1 z żetonem na zakupy,"https://vwdostawcze-sklep.pl/katalog/1/brelok-do-kluczy-t1-z-zetonem-na-zakupy,208325.html",34.00 PLN,PL:::15.00 PLN,https://vwdostawcze-sklep.pl/web/uploaded_images/gallery/1582891722_7cadc159e54ada20a8d93a407559df5b.jpg,out of stock,VW,New,,,out_of_stock,,"Zawieszka do kluczy wykonana z cynku w kolorze srebrnym, w kształcie przodu T1. Brelok posiada żeton, który wykorzystać można podczas zakupów. Z tyłu breloka znajduje się logo marki Volkswagen."
1H1087703A,Zestaw magnesów VW T3,"https://vwdostawcze-sklep.pl/katalog/1/zestaw-magnesow-vw-t3,208326.html",25.00 PLN,PL:::15.00 PLN,https://vwdostawcze-sklep.pl/web/uploaded_images/gallery/1582891916_06b98dcb07e4dcf2b50a446458e2cacc.jpg,in stock,VW,New,,,in_stock,,"Zestaw trzech magnesów na lodówkę: model T3 w wersji Pick up, Camper ze składanym dachem i jako Syncro. Do stosowania na wszystkich powierzchniach magnetycznych.|Szerokość: 6 cm|Wysokość: 4 cm"
211087620B645,"Pendrive VW T1 czerwony, 8GB","https://vwdostawcze-sklep.pl/katalog/1/pendrive-t1-czerwony,208327.html",109.00 PLN,PL:::15.00 PLN,https://vwdostawcze-sklep.pl/web/uploaded_images/gallery/1582892089_d56950bd9a783c379497cd678b23e159.jpg,in stock,VW,New,,,in_stock,,"Pamięć USB w kształcie kultowego Volkswagena T1, to wspaniały gadżet dla każdego fana tego samochodu! Pendrive posiada 8 GB miejsca do przechowywania plików. Wyposażony został w ruchome koła oraz reflektory LED, które świecą się podczas pracy urządzenia."
1H1069621,Śpiwór VW T1,"https://vwdostawcze-sklep.pl/katalog/1/spiwor-vw-t1,208328.html",169.00 PLN,PL:::15.00 PLN,https://vwdostawcze-sklep.pl/web/uploaded_images/gallery/1582892302_ecc64edbc00d3499f7edc1b827304d1e.jpg,in stock,VW,New,,,in_stock,,Przydatny podczas wakacji i wszelkich wyjazdów śpiwór z motywem T1.|Wymiary po otwarciu:|159 x 190 cm|Wymiary po zamknięciu:|75 x 190 cm|Materiał: 100% poliester.|Dostarczamy w opakowaniu kompresyjnym.|Śpiwór wraz z pokrowcem dostępny do wyczerpania zapasów!
1H1084600,"Fartuch VW T1, szary, bawełniany","https://vwdostawcze-sklep.pl/katalog/1/fartuch-vw-t144-szary44-bawelniany,208330.html",69.00 PLN,PL:::15.00 PLN,https://vwdostawcze-sklep.pl/web/uploaded_images/gallery/1582892626_12095ccc9732947670ff1bd1c8114dd6.jpg,in stock,VW,New,,,in_stock,,"Fartuch z nadrukowanym motywem T1 w kuchni podczas gotowania z pewnością zabezpieczy ubranie przed zachlapaniem. Fartuch wykonany został z bawełny, posiada przednią kieszeń i regulowany pasek na szyję.|Materiał: 100% bawełna.|Wymiary:|Długość: 80 cm|Szerokość: 58 cm|Zalecane, aby prać w pralce w 30 °.|Edycja limitowana. Do wyczerpania zapasów."
1H1069635,"Krzesło kempingowe VW T1, składane","https://vwdostawcze-sklep.pl/katalog/1/krzeslo-kempingowe-vw-t144-skladane,208329.html",299.00 PLN,PL:::15.00 PLN,https://vwdostawcze-sklep.pl/web/uploaded_images/gallery/1589790877_a9c669124839514ef6e5d7a837aadeed.jpeg,in stock,VW,New,,,in_stock,,"Składane krzesło kempingowe T1 przyda się podczas niejednej wakacyjnej przygody! Siedzisko wykonane zostało z tkaniny poliestrowej i umocowane na metalowych, składanych prętach. Średnica prętu wynosi 16mm, dzięki czemu krzesło jest stabilne i wytrzymałe.|Wymiary:|Wysokość: 40/83 cm|Średnica: ok. 80 cm|Uwaga! Maksymalne dopuszczalne obciążenie krzesła: 100 kg.|Edycja limitowana. Do wyczerpania zapasów."
000087703ED,Kolorowanka z kolekcji VW Transporter,"https://vwdostawcze-sklep.pl/katalog/1/kolorowanka-z-kolekcji-transporter,4210.html",16.00 PLN,PL:::15.00 PLN,https://vwdostawcze-sklep.pl/web/uploaded_images/gallery/6841-kolorowanka.jpg,out of stock,VW,New,,,out_of_stock,,"Świetna niespodzianka dla Twojego dziecka, kolorowanka z kolekcji Transporter, a w niej 24 strony rysunków modeli od T1 do T6. Format A5"
211087511A,Modelik zabawka T1 z silniczkiem sprężynowym,"https://vwdostawcze-sklep.pl/katalog/1/modelik-zabawka-t1,4286.html",35.00 PLN,PL:::15.00 PLN,https://vwdostawcze-sklep.pl/web/uploaded_images/gallery/6864-modelikt1a.jpg,out of stock,VW,New,,,out_of_stock,,Model legendarnego T1 z funkcją napędu sprężynowego. Zabawka z kolekcji Lifestyle przeznaczona dla dzieci powyżej 3 roku życia.|Wymiary: 150 x 67 x 70 mm
2K0087010,Breloczek VW T1 czerwony,"https://vwdostawcze-sklep.pl/katalog/1/breloczek-t1-czerwony,207811.html",27.00 PLN,PL:::15.00 PLN,https://vwdostawcze-sklep.pl/web/uploaded_images/gallery/2010729-breloeczekczerwony.jpg,in stock,VW,New,,,in_stock,,Breloczek z napisem T1 w kolorze czerwonym/białym. Brelok jest wykonany z tworzywa sztucznego.|Kolor: Czerwony lub biały|Materiał: Plastik
231087010BJKA,Brelok VW T1 z żetonem 1 euro,"https://vwdostawcze-sklep.pl/katalog/1/brelok-t1-z-zetonem-1-euro,208016.html",21.00 PLN,PL:::15.00 PLN,https://vwdostawcze-sklep.pl/web/uploaded_images/gallery/2010905-brelokt1.jpg,in stock,VW,New,,,in_stock,,Stylowy breloczek z motywem legendarnego busa T1 Bulli z żetonem wielkości 1 euro do wózków na zakupy. Dzięki temu każdy wypad na zakupy będzie wygodny i przyjemny.|Długość: 35 cm|Wysokość: 60 cm
7E0087013,Brelok skórzany VW T1,"https://vwdostawcze-sklep.pl/katalog/1/brelok-skorzany-t1,208251.html",19.00 PLN,PL:::15.00 PLN,https://vwdostawcze-sklep.pl/web/uploaded_images/gallery/1507293512_5f42fd7decc214184958191f3521b0cc.jpg,in stock,VW,New,,,in_stock,,"Skórzany brelok do kluczy ozdobiony z jednej strony logo Volkswagen a z drugiej motywem kultowego busa T1 Bulli.|Długość: 9,5 cm|Szerokość: 4, 5 cm"
7E0087605,Parasol przeciwsłoneczny VW T1,"https://vwdostawcze-sklep.pl/katalog/1/parasol-przeciwsloneczny-t1,208252.html",279.00 PLN,PL:::15.00 PLN,https://vwdostawcze-sklep.pl/web/uploaded_images/gallery/1507293651_943939bd37e261b50a62a48f063c8373.jpg,in stock,VW,New,,,in_stock,,"Parasol przeciwsłoneczny z motywem kultowego modelu Volksawagena T1. Ochroni przed deszczem oraz słońcem całą rodzinę. Średnica parasola ma ok. 2m, składa się on z 8 segmentów wykonanych z wysokiej jakości poliestru. Parasol jest odporny na wodę, wszelkiego rodzaju zabrudzenia. Parasol w zestawie zawiera metalową rurę o rozmiarach 22/25 mm.|​|Dostawa nie obejmuje podstawy."
1H9087528A,"Puzzle drewniane VW, 7 części","https://vwdostawcze-sklep.pl/katalog/1/puzzle-drewniane-vw44-7-czesci,208256.html",59.00 PLN,PL:::15.00 PLN,https://vwdostawcze-sklep.pl/web/uploaded_images/gallery/1507296148_c16400a2efa749f178303515ad9e261b.jpg,out of stock,VW,New,,,out_of_stock,,Pięknie wykonane drewniane puzzle z 7 wariantami modeli Volkswagena. Wyprodukowane przez Gollnest & Kiesel.|Długość: 30 cm|Szerokość: 21 cm|Wysokość: 8 cm
1H3069620,Materac wodny VW T1 Bulli,"https://vwdostawcze-sklep.pl/katalog/1/materac-wodny-t1-bulli,208305.html",75.00 PLN,PL:::15.00 PLN,https://vwdostawcze-sklep.pl/web/uploaded_images/gallery/1556114005_ebd663fef7ce22a8ba08cfd6a789508c.jpg,in stock,VW,New,,,in_stock,,"Dmuchany materac z wytłaczanymi konturami w stylistyce T1. Materac posiada nadruk na górze, na dole jest jednokolorowy - biały.|Z pewnością przyda się podczas letnich dni nad wodą!|długość: 180 cm|szerokość: 80 cm|waga: 1,11 kg"
1H3087703A,Wycieraczka domowa VW T1,"https://vwdostawcze-sklep.pl/katalog/1/wycieraczka-domowa-vw-t1,208299.html",95.00 PLN,PL:::15.00 PLN,https://vwdostawcze-sklep.pl/web/uploaded_images/gallery/1553762692_08a665aa893681664162fb518a138636.jpg,in stock,VW,New,,,in_stock,,"Wytrzymały dywanik z motywem VW T1. Można go prać w temperaturze do 30°.|Wymiary:|długość: 60 cm,|szerokość: 40 cm"
211087620A645,Pamięć USB VW T1 (czerwona),"https://vwdostawcze-sklep.pl/katalog/1/pamiec-usb-czerwona,203726.html",89.00 PLN,PL:::15.00 PLN,https://vwdostawcze-sklep.pl/web/uploaded_images/gallery/6252-usb-czerwone.jpg,in stock,VW,New,,,in_stock,,Pendrive z pamięcią 8 GB w kształcie Volkswagena Ogórka; podczas pracy świecą się jego reflektory. Metalowa karoseria z obracającymi się gumowymi kółkami.|Kolor: czerwony lub niebieski|Długość: 6 cm
211087620A274,Pamięć USB VW T1 (niebieska),"https://vwdostawcze-sklep.pl/katalog/1/pamiec-usb-niebieska,203727.html",89.00 PLN,PL:::15.00 PLN,https://vwdostawcze-sklep.pl/web/uploaded_images/gallery/6253-usb-niebieskie.jpg,in stock,VW,New,,,in_stock,,Pendrive z pamięcią 8 GB w kształcie Volkswagena Ogórka; podczas pracy świecą się jego reflektory. Metalowa karoseria z obracającymi się gumowymi kółkami.|Kolor: czerwony lub niebieski|Długość: 6 cm
1H2084361B,"Skarpetki z zimowym motywem VW T1/Beetle, 2 pary","https://vwdostawcze-sklep.pl/katalog/1/skarpetki-z-zimowym-motywem-vw-t147beetle44-2-pary,208520.html",49.00 PLN,PL:::15.00 PLN,https://vwdostawcze-sklep.pl/web/uploaded_images/gallery/1637153032_ff3b9642fb9b1af98470d316659459e0.jpeg,in stock,VW,New,,,in_stock,,"Skarpetki z zimowym motywemVW T1/Beetle w kolorze czerwonym i granatowym. Zestaw składa się z dwóch par skarpet. Można prać w pralce w 30°C.|Materiał: 86% bawełna, 12% poliamid, 2% elastan|Skarpetki są dostępne w rozmiarach: 36-40 oraz 41-46 (wybór rozmiaru możliwy pod rozwijaną listą z wyborem dealera).|Edycja limitowana – do wyczerpania zapasu."
5H9087790,Bombka w kształcie VW T1 z choinką,"https://vwdostawcze-sklep.pl/katalog/1/bombka-w-ksztalcie-vw-t1-z-choinka,208519.html",55.00 PLN,PL:::15.00 PLN,https://vwdostawcze-sklep.pl/web/uploaded_images/gallery/1637153046_9effe114c5d318ae4006f763342e7600.jpeg,in stock,VW,New,,,in_stock,,"Ręcznie malowana bombka w kształcie VW T1, z choinką na dachu. Bombka jest wykonana ze szkła i posiada błyszczące elementy (nadkola, choinka).|Wymiary [mm]: dł. 85 x szer. 30 x wys. 70|Edycja limitowana – do wyczerpania zapasu."
5H9087790A,Szklana bombka z zimowym motywem VW T1,"https://vwdostawcze-sklep.pl/katalog/1/szklana-bombka-z-zimowym-motywem-vw-t1,208518.html",45.00 PLN,PL:::15.00 PLN,https://vwdostawcze-sklep.pl/web/uploaded_images/gallery/1637153059_bdd65601259739342e87c981a8c2ace5.jpeg,in stock,VW,New,,,in_stock,,"Bombka choinkowa wykonana z przezroczystego szkłaz białym zimowym wzorem VW T1. Na górze, dole oraz deseniu ozdobiona brokatowymi drobinkami. W zestawie znajduje się srebrny pasek do zawieszenia na choince.Bombka sprzedawana jest w opakowaniu prezentowym.|Średnica bombki: 80 mm|Edycja limitowana – do wyczerpania zapasu."
1H2069660,Foremki do ciastek w kształcie VW T1/Beetle,"https://vwdostawcze-sklep.pl/katalog/1/foremki-do-ciastek-w-ksztalcie-vw-t147beetle,208517.html",59.00 PLN,PL:::15.00 PLN,https://vwdostawcze-sklep.pl/web/uploaded_images/gallery/1637153071_3981cdf316265f307864600e613037b3.jpeg,in stock,VW,New,,,in_stock,,"Foremki do ciastek w kształcie VW T1 i Beetle w kolorze czerwonym, z dyszą do wyciskania. Zestaw zawiera cztery foremki wykonane z plastiku (ABS). Foremki nadają się do żywności, można je myć w zmywarce.|Edycja limitowana – do wyczerpania zapasu."
5H9087798,Ozdobny świecznik w kształcie VW T1,"https://vwdostawcze-sklep.pl/katalog/1/ozdobny-swiecznik-w-ksztalcie-vw-t1,208516.html",69.00 PLN,PL:::15.00 PLN,https://vwdostawcze-sklep.pl/web/uploaded_images/gallery/1637311735_f60165e505664aac50d37971fee96cbb.jpg,in stock,VW,New,,,in_stock,,"Bialy świecznik w kształcie VW T1 wykonany z wysokiej jakości porcelany, o matowym wykończeniu. Świecznik sprzedawany jest w opakowaniu prezentowym.|Wymiary [mm]: dł. 133 x szer. 67 x wys. 70|Edycja limitowana – do wyczerpania zapasu."
1H2069601B,Szklanka z zimowym motywem VW T1,"https://vwdostawcze-sklep.pl/katalog/1/szklanka-z-zimowym-motywem-vw-t1,208515.html",35.00 PLN,PL:::15.00 PLN,https://vwdostawcze-sklep.pl/web/uploaded_images/gallery/1637311773_51ac1688750be94b2fa69b9ebc2e9ab0.jpeg,in stock,VW,New,,,in_stock,,"Przezroczysta szklanka z białym motywem zimowym VW T1 o pojemności 26 cl. Wykonana ze szkła, przeznaczona również do gorących napojów. Szklankasprzedawana jest w opakowaniu prezentowym.|Ilość sztuk w opakowaniu - 1|Edycja limitowana – do wyczerpania zapasu."
7E9084210A645,"T-shirt damski VW T1, bordowy - S","https://vwdostawcze-sklep.pl/katalog/1/t-shirt-damski-vw-t144-bordowy,208523.html?a=1",129.00 PLN,PL:::15.00 PLN,https://vwdostawcze-sklep.pl/web/uploaded_images/gallery/1638442723_dc1612efc572e784f04f1fbae3e33bee.jpeg,in stock,VW,New,,,in_stock,,"Damski t-shirt z krótkim rękawem w kolorze bordowym, z kolekcjiHeritage. Z przodu duży nadruk motywu T1. Na karku kolorowa tasiemka, z brzegu prawego rękawa ozdobna metka pętelkowa. Wykonany w95% z bawełny organicznej i 5% elastanu.|T-shirt dostępnyw rozmiarach: XS – XL|Uwaga:|prać w 30°C|prać i prasować na lewej stronie (nie prasować po nadruku)|nie suszyć w suszarce bębnowej|nie prać chemicznie|nie wybielać"
7E9084210B645,"T-shirt damski VW T1, bordowy - M","https://vwdostawcze-sklep.pl/katalog/1/t-shirt-damski-vw-t144-bordowy,208524.html?a=1",129.00 PLN,PL:::15.00 PLN,https://vwdostawcze-sklep.pl/web/uploaded_images/gallery/1638442674_afbfa5eb6529c8d6afa71a93723018a7.jpeg,in stock,VW,New,,,in_stock,,"Damski t-shirt z krótkim rękawem w kolorze bordowym, z kolekcjiHeritage. Z przodu duży nadruk motywu T1. Na karku kolorowa tasiemka, z brzegu prawego rękawa ozdobna metka pętelkowa. Wykonany w95% z bawełny organicznej i 5% elastanu.|T-shirt dostępnyw rozmiarach: XS – XL|Uwaga:|prać w 30°C|prać i prasować na lewej stronie (nie prasować po nadruku)|nie suszyć w suszarce bębnowej|nie prać chemicznie|nie wybielać"
7E9084210C645,"T-shirt damski VW T1, bordowy - L","https://vwdostawcze-sklep.pl/katalog/1/t-shirt-damski-vw-t144-bordowy,208525.html?a=1",129.00 PLN,PL:::15.00 PLN,https://vwdostawcze-sklep.pl/web/uploaded_images/gallery/1638442768_70936b223cfee4b13111978437307c40.jpeg,in stock,VW,New,,,in_stock,,"Damski t-shirt z krótkim rękawem w kolorze bordowym, z kolekcjiHeritage. Z przodu duży nadruk motywu T1. Na karku kolorowa tasiemka, z brzegu prawego rękawa ozdobna metka pętelkowa. Wykonany w95% z bawełny organicznej i 5% elastanu.|T-shirt dostępnyw rozmiarach: XS – XL|Uwaga:|prać w 30°C|prać i prasować na lewej stronie (nie prasować po nadruku)|nie suszyć w suszarce bębnowej|nie prać chemicznie|nie wybielać"
7E9084210D645,"T-shirt damski VW T1, bordowy - XL","https://vwdostawcze-sklep.pl/katalog/1/t-shirt-damski-vw-t144-bordowy,208526.html?a=1",129.00 PLN,PL:::15.00 PLN,https://vwdostawcze-sklep.pl/web/uploaded_images/gallery/1638442789_96aece36900f0189089bdc0047da4fa3.jpeg,in stock,VW,New,,,in_stock,,"Damski t-shirt z krótkim rękawem w kolorze bordowym, z kolekcjiHeritage. Z przodu duży nadruk motywu T1. Na karku kolorowa tasiemka, z brzegu prawego rękawa ozdobna metka pętelkowa. Wykonany w95% z bawełny organicznej i 5% elastanu.|T-shirt dostępnyw rozmiarach: XS – XL|Uwaga:|prać w 30°C|prać i prasować na lewej stronie (nie prasować po nadruku)|nie suszyć w suszarce bębnowej|nie prać chemicznie|nie wybielać"
7E9084152B645,Bluzka dla dzieci VW T1 - 128/134,"https://vwdostawcze-sklep.pl/katalog/1/bluzka-dla-dzieci-vw-t1,208449.html?a=1",119.00 PLN,PL:::15.00 PLN,https://vwdostawcze-sklep.pl/web/uploaded_images/gallery/1624975627_286a30e1af3cbe39f654c052a2a1cbd3.jpeg,in stock,VW,New,,,in_stock,,"Bordowa bluzka dziecięca Henley z kolekcjiHeritage, zdługim rękawem i plisą na guziki. Zapinana na 3 guziki, z dużym nadrukiem T1 w kolorze ciemnoczerwonym z przodu i nadrukiemVolkswagena na karku. Bluzka wykonana z przyjemnej w dotyku bawełny organicznej.|Uwaga:|prać w 30°C|nie chlorować|nie suszyć w suszarce bębnowej|prać i prasować na lewej stronie, z podobnymi kolorami|nie prać chemicznie|nie wybielać"
7E9084152C645,Bluzka dla dzieci VW T1 - 140/146,"https://vwdostawcze-sklep.pl/katalog/1/bluzka-dla-dzieci-vw-t1,208468.html?a=1",119.00 PLN,PL:::15.00 PLN,https://vwdostawcze-sklep.pl/web/uploaded_images/gallery/1624975836_23adad1e3bbfd0fde1f93bd383f4cf95.jpeg,in stock,VW,New,,,in_stock,,"Bordowa bluzka dziecięca Henley z kolekcjiHeritage, zdługim rękawem i plisą na guziki. Zapinana na 3 guziki, z dużym nadrukiem T1 w kolorze ciemnoczerwonym z przodu i nadrukiemVolkswagena na karku. Bluzka wykonana z przyjemnej w dotyku bawełny organicznej.|Uwaga:|prać w 30°C|nie chlorować|nie suszyć w suszarce bębnowej|prać i prasować na lewej stronie, z podobnymi kolorami|nie prać chemicznie|nie wybielać"
7E9084152D645,Bluzka dla dzieci VW T1 - 152/158,"https://vwdostawcze-sklep.pl/katalog/1/bluzka-dla-dzieci-vw-t1,208469.html?a=1",119.00 PLN,PL:::15.00 PLN,https://vwdostawcze-sklep.pl/web/uploaded_images/gallery/1624975861_8104b1ccaf5eefccf0315305948b6c77.jpeg,in stock,VW,New,,,in_stock,,"Bordowa bluzka dziecięca Henley z kolekcjiHeritage, zdługim rękawem i plisą na guziki. Zapinana na 3 guziki, z dużym nadrukiem T1 w kolorze ciemnoczerwonym z przodu i nadrukiemVolkswagena na karku. Bluzka wykonana z przyjemnej w dotyku bawełny organicznej.|Uwaga:|prać w 30°C|nie chlorować|nie suszyć w suszarce bębnowej|prać i prasować na lewej stronie, z podobnymi kolorami|nie prać chemicznie|nie wybielać"
7E9084200BWN3,"T-shirt męski VW T1, oliwkowy - M","https://vwdostawcze-sklep.pl/katalog/1/t-shirt-meski-vw-t144-oliwkowy,208486.html?a=1",129.00 PLN,PL:::15.00 PLN,https://vwdostawcze-sklep.pl/web/uploaded_images/gallery/1624964965_055b8a722fd9584fe0f566b632e90092.jpeg,in stock,VW,New,,,in_stock,,"Męski t-shirt z krótkim rękawem w kolorze oliwkowym, z kolekcjiHeritage. Z przodu duży nadruk motywu T1. Na karku kolorowa tasiemka, z brzegu prawego rękawa ozdobna metka pętelkowa. Wykonany w100% z bawełny organicznej.|T-shirt dostępnyw rozmiarach: S – 2XL|Uwaga:|prać w 30°C|prać i prasować na lewej stronie (nie prasować po nadruku)|nie suszyć w suszarce bębnowej|nie prać chemicznie|nie wybielać"
7E9084200CWN3,"T-shirt męski VW T1, oliwkowy - L","https://vwdostawcze-sklep.pl/katalog/1/t-shirt-meski-vw-t144-oliwkowy,208487.html?a=1",129.00 PLN,PL:::15.00 PLN,https://vwdostawcze-sklep.pl/web/uploaded_images/gallery/1624964982_1fae09e4b50f88a385b365159eb7e0c5.jpeg,in stock,VW,New,,,in_stock,,"Męski t-shirt z krótkim rękawem w kolorze oliwkowym, z kolekcjiHeritage. Z przodu duży nadruk motywu T1. Na karku kolorowa tasiemka, z brzegu prawego rękawa ozdobna metka pętelkowa. Wykonany w100% z bawełny organicznej.|T-shirt dostępnyw rozmiarach: S – 2XL|Uwaga:|prać w 30°C|prać i prasować na lewej stronie (nie prasować po nadruku)|nie suszyć w suszarce bębnowej|nie prać chemicznie|nie wybielać"
7E9084200DWN3,"T-shirt męski VW T1, oliwkowy - XL","https://vwdostawcze-sklep.pl/katalog/1/t-shirt-meski-vw-t144-oliwkowy,208488.html?a=1",129.00 PLN,PL:::15.00 PLN,https://vwdostawcze-sklep.pl/web/uploaded_images/gallery/1624964998_80c3340ee59a8f061710ad3bdc0d9b8f.jpeg,in stock,VW,New,,,in_stock,,"Męski t-shirt z krótkim rękawem w kolorze oliwkowym, z kolekcjiHeritage. Z przodu duży nadruk motywu T1. Na karku kolorowa tasiemka, z brzegu prawego rękawa ozdobna metka pętelkowa. Wykonany w100% z bawełny organicznej.|T-shirt dostępnyw rozmiarach: S – 2XL|Uwaga:|prać w 30°C|prać i prasować na lewej stronie (nie prasować po nadruku)|nie suszyć w suszarce bębnowej|nie prać chemicznie|nie wybielać"
7E9084200EWN3,"T-shirt męski VW T1, oliwkowy - 2XL","https://vwdostawcze-sklep.pl/katalog/1/t-shirt-meski-vw-t144-oliwkowy,208489.html?a=1",129.00 PLN,PL:::15.00 PLN,https://vwdostawcze-sklep.pl/web/uploaded_images/gallery/1624965017_70ad1525f5362836ab228e0531cfee7b.jpeg,in stock,VW,New,,,in_stock,,"Męski t-shirt z krótkim rękawem w kolorze oliwkowym, z kolekcjiHeritage. Z przodu duży nadruk motywu T1. Na karku kolorowa tasiemka, z brzegu prawego rękawa ozdobna metka pętelkowa. Wykonany w100% z bawełny organicznej.|T-shirt dostępnyw rozmiarach: S – 2XL|Uwaga:|prać w 30°C|prać i prasować na lewej stronie (nie prasować po nadruku)|nie suszyć w suszarce bębnowej|nie prać chemicznie|nie wybielać"
7E9084200BD5E,"T-shirt męski VW T2, niebieski - M","https://vwdostawcze-sklep.pl/katalog/1/t-shirt-meski-vw-t244-niebieski,208481.html?a=1",129.00 PLN,PL:::15.00 PLN,https://vwdostawcze-sklep.pl/web/uploaded_images/gallery/1624965055_2a37f2a8cb602282fe34efed4f1d0878.jpeg,in stock,VW,New,,,in_stock,,"Męski t-shirt z krótkim rękawemw kolorze niebieskim, z kolekcjiHeritage. Z przodu duży nadruk motywu T2 przed ogniskiem. Na karku kolorowa tasiemka, z brzegu prawego rękawa ozdobna metka pętelkowa. Wykonany w100% z bawełny organicznej.|T-shirt dostępnyw rozmiarach: S – 2XL|Uwaga:|prać w 30°C|prać i prasować na lewej stronie (nie prasować po nadruku)|nie suszyć w suszarce bębnowej|nie prać chemicznie|nie wybielać"
7E9084200CD5E,"T-shirt męski VW T2, niebieski - L","https://vwdostawcze-sklep.pl/katalog/1/t-shirt-meski-vw-t244-niebieski,208482.html?a=1",129.00 PLN,PL:::15.00 PLN,https://vwdostawcze-sklep.pl/web/uploaded_images/gallery/1624965077_7307e498baad60dca220e487f13c40e6.jpeg,in stock,VW,New,,,in_stock,,"Męski t-shirt z krótkim rękawemw kolorze niebieskim, z kolekcjiHeritage. Z przodu duży nadruk motywu T2 przed ogniskiem. Na karku kolorowa tasiemka, z brzegu prawego rękawa ozdobna metka pętelkowa. Wykonany w100% z bawełny organicznej.|T-shirt dostępnyw rozmiarach: S – 2XL|Uwaga:|prać w 30°C|prać i prasować na lewej stronie (nie prasować po nadruku)|nie suszyć w suszarce bębnowej|nie prać chemicznie|nie wybielać"
7E9084200DD5E,"T-shirt męski VW T2, niebieski - XL","https://vwdostawcze-sklep.pl/katalog/1/t-shirt-meski-vw-t244-niebieski,208483.html?a=1",129.00 PLN,PL:::15.00 PLN,https://vwdostawcze-sklep.pl/web/uploaded_images/gallery/1624965090_1299d36e334c20a692b4bf1c31ff03f7.jpeg,in stock,VW,New,,,in_stock,,"Męski t-shirt z krótkim rękawemw kolorze niebieskim, z kolekcjiHeritage. Z przodu duży nadruk motywu T2 przed ogniskiem. Na karku kolorowa tasiemka, z brzegu prawego rękawa ozdobna metka pętelkowa. Wykonany w100% z bawełny organicznej.|T-shirt dostępnyw rozmiarach: S – 2XL|Uwaga:|prać w 30°C|prać i prasować na lewej stronie (nie prasować po nadruku)|nie suszyć w suszarce bębnowej|nie prać chemicznie|nie wybielać"
7E9084200ED5E,"T-shirt męski VW T2, niebieski - 2XL","https://vwdostawcze-sklep.pl/katalog/1/t-shirt-meski-vw-t244-niebieski,208484.html?a=1",129.00 PLN,PL:::15.00 PLN,https://vwdostawcze-sklep.pl/web/uploaded_images/gallery/1624965104_fae1d5b75540593312c4575d053c8f62.jpeg,in stock,VW,New,,,in_stock,,"Męski t-shirt z krótkim rękawemw kolorze niebieskim, z kolekcjiHeritage. Z przodu duży nadruk motywu T2 przed ogniskiem. Na karku kolorowa tasiemka, z brzegu prawego rękawa ozdobna metka pętelkowa. Wykonany w100% z bawełny organicznej.|T-shirt dostępnyw rozmiarach: S – 2XL|Uwaga:|prać w 30°C|prać i prasować na lewej stronie (nie prasować po nadruku)|nie suszyć w suszarce bębnowej|nie prać chemicznie|nie wybielać"
7E9084050BD5E,Kurtka męska VW T1 softshell - M,"https://vwdostawcze-sklep.pl/katalog/1/kurtka-meska-vw-t1-softshell,208476.html?a=1",319.00 PLN,PL:::15.00 PLN,https://vwdostawcze-sklep.pl/web/uploaded_images/gallery/1624965163_9862ea7bf099702436a7b54371b9e572.jpeg,in stock,VW,New,,,in_stock,,"Męska kurtkaprzeciwdeszczowa z kapturemw kolorze granatowym, z kolekcjiHeritage. Szerokość kaptura regulowana przy pomocy gumki i sznurków. Kieszenie zapinane na zamek błyskawiczny.Mankiety z gumką i podszewka z siateczki w kontrastowym kolorze. Na kieszeni przy lewej piersi nadruk“Time to get out”.Z tyłu duży nadrukowany motyw T1 oraz pętelka do zawieszania kurtki.|Do produktu dołączona jest mała torba materiałowa ułatwiająca przechowywanie i transport kurtki.|Kurtka dostępna w rozmiarach: S – 2XL|Uwaga:|prać w30°C|prać i prasować na lewej stronie (nie prasować po nadruku)|nie suszyć w suszarce bębnowej|nie prać chemicznie|nie wybielać|nie używaćzmiękczacza do tkanin"
7E9084050CD5E,Kurtka męska VW T1 softshell - L,"https://vwdostawcze-sklep.pl/katalog/1/kurtka-meska-vw-t1-softshell,208477.html?a=1",319.00 PLN,PL:::15.00 PLN,https://vwdostawcze-sklep.pl/web/uploaded_images/gallery/1624965188_4da79f42e4f41e904a8adc660437b557.jpeg,in stock,VW,New,,,in_stock,,"Męska kurtkaprzeciwdeszczowa z kapturemw kolorze granatowym, z kolekcjiHeritage. Szerokość kaptura regulowana przy pomocy gumki i sznurków. Kieszenie zapinane na zamek błyskawiczny.Mankiety z gumką i podszewka z siateczki w kontrastowym kolorze. Na kieszeni przy lewej piersi nadruk“Time to get out”.Z tyłu duży nadrukowany motyw T1 oraz pętelka do zawieszania kurtki.|Do produktu dołączona jest mała torba materiałowa ułatwiająca przechowywanie i transport kurtki.|Kurtka dostępna w rozmiarach: S – 2XL|Uwaga:|prać w30°C|prać i prasować na lewej stronie (nie prasować po nadruku)|nie suszyć w suszarce bębnowej|nie prać chemicznie|nie wybielać|nie używaćzmiękczacza do tkanin"
7E9084050DD5E,Kurtka męska VW T1 softshell - XL,"https://vwdostawcze-sklep.pl/katalog/1/kurtka-meska-vw-t1-softshell,208478.html?a=1",319.00 PLN,PL:::15.00 PLN,https://vwdostawcze-sklep.pl/web/uploaded_images/gallery/1624965211_a6a1720cd3daf1b77fba00c09faafd5a.jpeg,in stock,VW,New,,,in_stock,,"Męska kurtkaprzeciwdeszczowa z kapturemw kolorze granatowym, z kolekcjiHeritage. Szerokość kaptura regulowana przy pomocy gumki i sznurków. Kieszenie zapinane na zamek błyskawiczny.Mankiety z gumką i podszewka z siateczki w kontrastowym kolorze. Na kieszeni przy lewej piersi nadruk“Time to get out”.Z tyłu duży nadrukowany motyw T1 oraz pętelka do zawieszania kurtki.|Do produktu dołączona jest mała torba materiałowa ułatwiająca przechowywanie i transport kurtki.|Kurtka dostępna w rozmiarach: S – 2XL|Uwaga:|prać w30°C|prać i prasować na lewej stronie (nie prasować po nadruku)|nie suszyć w suszarce bębnowej|nie prać chemicznie|nie wybielać|nie używaćzmiękczacza do tkanin"
7E9084050ED5E,Kurtka męska VW T1 softshell - 2XL,"https://vwdostawcze-sklep.pl/katalog/1/kurtka-meska-vw-t1-softshell,208479.html?a=1",319.00 PLN,PL:::15.00 PLN,https://vwdostawcze-sklep.pl/web/uploaded_images/gallery/1624965238_6498619aab47faabfac9a4d765d5df72.jpeg,in stock,VW,New,,,in_stock,,"Męska kurtkaprzeciwdeszczowa z kapturemw kolorze granatowym, z kolekcjiHeritage. Szerokość kaptura regulowana przy pomocy gumki i sznurków. Kieszenie zapinane na zamek błyskawiczny.Mankiety z gumką i podszewka z siateczki w kontrastowym kolorze. Na kieszeni przy lewej piersi nadruk“Time to get out”.Z tyłu duży nadrukowany motyw T1 oraz pętelka do zawieszania kurtki.|Do produktu dołączona jest mała torba materiałowa ułatwiająca przechowywanie i transport kurtki.|Kurtka dostępna w rozmiarach: S – 2XL|Uwaga:|prać w30°C|prać i prasować na lewej stronie (nie prasować po nadruku)|nie suszyć w suszarce bębnowej|nie prać chemicznie|nie wybielać|nie używaćzmiękczacza do tkanin"
7E9084132BWN3,"Bluza męska VW T1, dł. rękaw - M","https://vwdostawcze-sklep.pl/katalog/1/bluza-meska-vw-t144-dl46-rekaw,208471.html?a=1",169.00 PLN,PL:::15.00 PLN,https://vwdostawcze-sklep.pl/web/uploaded_images/gallery/1624965290_c5b656f74dd4896d23cd8bf2a8f705b2.jpeg,in stock,VW,New,,,in_stock,,"Męska bluza z długim rękawem w kolorze oliwkowym,z kolekcjiHeritage. Zapięcie na trzy guziki imitujące klakson. Na brzegu bluzy ozdobna metka pętelkowa, przy karku kolorowa tasiemka.Zprzodu duży nadruk z motywem T1. Wykonana z bawełny organicznej,zapewnia przyjemny komfort noszenia.|Bluza dostępna w rozmiarach: S – 2XL|Uwaga:|prać w30°C|prać i prasować na lewej stronie (nie prasować ponadruku)|nie suszyć w suszarce bębnowej|nie prać chemicznie|nie wybielać"
7E9084132CWN3,"Bluza męska VW T1, dł. rękaw - L","https://vwdostawcze-sklep.pl/katalog/1/bluza-meska-vw-t144-dl46-rekaw,208472.html?a=1",169.00 PLN,PL:::15.00 PLN,https://vwdostawcze-sklep.pl/web/uploaded_images/gallery/1624965337_18161c45e31ef04a07f6dd19df9040ac.jpeg,in stock,VW,New,,,in_stock,,"Męska bluza z długim rękawem w kolorze oliwkowym,z kolekcjiHeritage. Zapięcie na trzy guziki imitujące klakson. Na brzegu bluzy ozdobna metka pętelkowa, przy karku kolorowa tasiemka.Zprzodu duży nadruk z motywem T1. Wykonana z bawełny organicznej,zapewnia przyjemny komfort noszenia.|Bluza dostępna w rozmiarach: S – 2XL|Uwaga:|prać w30°C|prać i prasować na lewej stronie (nie prasować ponadruku)|nie suszyć w suszarce bębnowej|nie prać chemicznie|nie wybielać"
7E9084132DWN3,"Bluza męska VW T1, dł. rękaw - XL","https://vwdostawcze-sklep.pl/katalog/1/bluza-meska-vw-t144-dl46-rekaw,208473.html?a=1",169.00 PLN,PL:::15.00 PLN,https://vwdostawcze-sklep.pl/web/uploaded_images/gallery/1624965305_b35ab321210c6f191ca3d0e0e4be7ea0.jpeg,in stock,VW,New,,,in_stock,,"Męska bluza z długim rękawem w kolorze oliwkowym,z kolekcjiHeritage. Zapięcie na trzy guziki imitujące klakson. Na brzegu bluzy ozdobna metka pętelkowa, przy karku kolorowa tasiemka.Zprzodu duży nadruk z motywem T1. Wykonana z bawełny organicznej,zapewnia przyjemny komfort noszenia.|Bluza dostępna w rozmiarach: S – 2XL|Uwaga:|prać w30°C|prać i prasować na lewej stronie (nie prasować ponadruku)|nie suszyć w suszarce bębnowej|nie prać chemicznie|nie wybielać"
7E9084132EWN3,"Bluza męska VW T1, dł. rękaw - 2XL","https://vwdostawcze-sklep.pl/katalog/1/bluza-meska-vw-t144-dl46-rekaw,208474.html?a=1",169.00 PLN,PL:::15.00 PLN,https://vwdostawcze-sklep.pl/web/uploaded_images/gallery/1624965360_89951151b8e51b5701fd38e4628d4d7e.jpeg,in stock,VW,New,,,in_stock,,"Męska bluza z długim rękawem w kolorzeoliwkowym,z kolekcjiHeritage. Zapięcie na trzy guziki imitujące klakson. Na brzegu bluzy ozdobna metka pętelkowa, przy karku kolorowa tasiemka.Zprzodu duży nadruk z motywem T1. Wykonana z bawełny organicznej,zapewnia przyjemny komfort noszenia.|Bluza dostępna w rozmiarach: S – 2XL|Uwaga:|prać w30°C|prać i prasować na lewej stronie (nie prasować ponadruku)|nie suszyć w suszarce bębnowej|nie prać chemicznie|nie wybielać"
1H2084361C,"Skarpetki z zimowym motywem VW T1/Beetle, 2 pary - 41-46","https://vwdostawcze-sklep.pl/katalog/1/skarpetki-z-zimowym-motywem-vw-t147beetle44-2-pary,208521.html?a=1",49.00 PLN,PL:::15.00 PLN,https://vwdostawcze-sklep.pl/web/uploaded_images/gallery/1637153019_0e17762e67ba5851e067ba162967337d.jpeg,in stock,VW,New,,,in_stock,,"Skarpetki z zimowym motywemVW T1/Beetle w kolorze czerwonym i granatowym. Zestaw składa się z dwóch par skarpet. Można prać w pralce w 30°C.|Materiał: 86% bawełna, 12% poliamid, 2% elastan|Skarpetki są dostępne w rozmiarach: 36-40 oraz 41-46 (wybór rozmiaru możliwy pod rozwijaną listą z wyborem dealera).|Edycja limitowana – do wyczerpania zapasu."
